Time (s),Roll (deg),Pitch (deg),Yaw (deg)
0.014194488,-7.425595,23.50274,5.697729
0.034399032,-7.426147,23.50301,5.697093
0.054602623,-7.426982,23.50006,5.696731
0.074807167,-7.423266,23.50357,5.697298
0.092485904,-7.419284,23.49384,5.698835
0.112690449,-7.403995,23.49506,5.704195
0.132894516,-7.402647,23.48915,5.704548
0.153099060,-7.395244,23.48961,5.708877
0.173302650,-7.381844,23.48546,5.713142
0.193507194,-7.368012,23.48308,5.719047
0.213711738,-7.367417,23.48165,5.719369
0.233915806,-7.358154,23.47666,5.723183
0.254120350,-7.344076,23.46599,5.729151
0.274323940,-7.347064,23.46803,5.726359
0.294528484,-7.333246,23.4625,5.731769
0.314732551,-7.325323,23.45609,5.733652
0.332411766,-7.322289,23.45757,5.733256
0.352615833,-7.326962,23.45625,5.729695
0.372820377,-7.319632,23.44576,5.731822
0.393023968,-7.29705,23.44361,5.74011
0.413228512,-7.295723,23.43456,5.7376
0.433432579,-7.274218,23.42867,5.745461
0.453637123,-7.2735,23.4247,5.741468
0.473841667,-7.27962,23.41099,5.736984
0.494045734,-7.250734,23.41373,5.748224
0.514250278,-7.25386,23.40193,5.746231
0.534453869,-7.241352,23.39969,5.75215
0.554658413,-7.23783,23.3997,5.752542
0.572337150,-7.229371,23.39253,5.757487
0.592541695,-7.232401,23.39824,5.75554
0.612745762,-7.227934,23.39282,5.756271
0.632950306,-7.215545,23.38486,5.762756
0.653153896,-7.223781,23.39281,5.757737
0.673358440,-7.220417,23.38403,5.760508
0.693562984,-7.223302,23.38688,5.757607
0.713767052,-7.237108,23.38835,5.752677
0.733971596,-7.225229,23.38239,5.757284
0.754175186,-7.254334,23.39251,5.744008
0.774379730,-7.267431,23.39676,5.737959
0.794583797,-7.256848,23.39588,5.741562
0.812263012,-7.277232,23.39924,5.730353
0.832467079,-7.307679,23.41331,5.718371
0.852671623,-7.262866,23.40634,5.7362
0.872875214,-7.290048,23.4075,5.720946
0.893079758,-7.282503,23.41167,5.725699
0.913283825,-7.283641,23.41788,5.721242
0.933488369,-7.29709,23.42026,5.71628
0.953692913,-7.308993,23.43314,5.709045
0.973896980,-7.308611,23.42765,5.709399
0.994101524,-7.303561,23.42792,5.709321
1.014305115,-7.318676,23.43139,5.701198
1.034509659,-7.308959,23.43228,5.706022
1.054713726,-7.314257,23.42909,5.704233
1.072392940,-7.312609,23.43573,5.705459
1.092597008,-7.297101,23.42942,5.713025
1.112801552,-7.29821,23.43106,5.712752
1.133005142,-7.306115,23.43354,5.710555
1.153209686,-7.283749,23.42178,5.721174
1.173413753,-7.281768,23.42552,5.718152
1.193618297,-7.281317,23.42306,5.719284
1.213822841,-7.27563,23.41914,5.721796
1.234026432,-7.268784,23.4178,5.724809
1.254230976,-7.264741,23.41446,5.726019
1.274435043,-7.2538,23.40431,5.731501
1.294639587,-7.233016,23.39491,5.741907
1.312318325,-7.239786,23.39499,5.739894
1.332522869,-7.228267,23.38994,5.745595
1.352726459,-7.223399,23.38731,5.744748
1.372931003,-7.241228,23.39632,5.736952
1.393135071,-7.226756,23.38568,5.745014
1.413339615,-7.230148,23.38802,5.739919
1.479003429,-7.224666,23.38161,5.744009
1.494156361,-7.228827,23.3866,5.74082
1.514360905,-7.206142,23.38007,5.751125
1.534564972,-7.214857,23.37806,5.745955
1.554769516,-7.253943,23.40338,5.72785
1.572448254,-7.235775,23.37717,5.74159
1.592652798,-7.223654,23.3917,5.741891
1.612856388,-7.246479,23.38861,5.73361
1.633060932,-7.245272,23.38952,5.731287
1.653264999,-7.249067,23.39088,5.72896
1.673469543,-7.257968,23.37721,5.721583
1.693674087,-7.239448,23.39854,5.728448
1.713877678,-7.273445,23.41468,5.718554
1.734082222,-7.24666,23.40049,5.722451
1.754286289,-7.301035,23.43046,5.700174
1.774490833,-7.23897,23.40821,5.729782
1.794694900,-7.282103,23.41364,5.704849
1.812374115,-7.284033,23.42076,5.705752
1.832577705,-7.26534,23.4161,5.712242
1.852782249,-7.27558,23.41407,5.70802
1.872986317,-7.256374,23.4132,5.715094
1.893190861,-7.277909,23.41897,5.704075
1.913395405,-7.268635,23.41413,5.709746
1.933599472,-7.271071,23.41667,5.705187
1.953804016,-7.279024,23.41914,5.702414
1.974007607,-7.265954,23.41309,5.707146
1.994212151,-7.281914,23.41628,5.700225
2.014416218,-7.274233,23.41375,5.703924
2.034620762,-7.284436,23.4178,5.696247
2.054825306,-7.2708,23.41029,5.702866
2.072504043,-7.26212,23.40958,5.705175
2.092707634,-7.275633,23.41539,5.698341
2.112912178,-7.263143,23.40787,5.705053
2.133116245,-7.26677,23.41083,5.700868
2.153320789,-7.273489,23.40895,5.699741
2.173525333,-7.260719,23.4084,5.703043
2.193728924,-7.266388,23.40833,5.699895
2.213933468,-7.264199,23.4087,5.701169
2.234137535,-7.272514,23.41294,5.695146
2.254342079,-7.268204,23.409,5.696461
2.274546146,-7.267313,23.40876,5.696485
2.294750690,-7.272433,23.41109,5.693154
2.312428951,-7.273128,23.41041,5.691092
2.332633495,-7.269876,23.40894,5.69269
2.352837562,-7.258514,23.40508,5.695364
2.373042106,-7.272205,23.41201,5.688655
2.393246651,-7.268214,23.40798,5.689341
2.413450718,-7.267486,23.40882,5.689322
2.433655262,-7.267894,23.40635,5.689679
2.453858852,-7.262912,23.40236,5.691046
2.474063396,-7.270986,23.40792,5.687293
2.494267464,-7.265079,23.40825,5.689307
2.514472008,-7.267896,23.40962,5.686765
2.534676552,-7.266612,23.40695,5.687845
2.552355289,-7.259033,23.40469,5.689084
2.572558880,-7.268914,23.40964,5.683837
2.592763424,-7.260955,23.40626,5.687427
2.612967968,-7.251626,23.40574,5.689906
2.633172035,-7.267006,23.41168,5.682201
2.653376579,-7.25739,23.40931,5.686841
2.673580170,-7.25849,23.40545,5.687229
2.693784714,-7.25498,23.4076,5.687819
2.713988781,-7.250772,23.40302,5.685657
2.734193325,-7.264531,23.40773,5.679724
2.754397392,-7.255283,23.40606,5.684305
2.774601936,-7.249369,23.40348,5.685425
2.792280197,-7.24697,23.40341,5.685346
2.812484741,-7.247304,23.40213,5.682858
2.832688808,-7.255167,23.40882,5.67847
2.852893352,-7.257934,23.4052,5.676991
2.873097897,-7.243231,23.40225,5.681755
2.893301964,-7.253386,23.4,5.674856
2.913506508,-7.246571,23.39724,5.67466
2.933710098,-7.260503,23.39816,5.664508
2.953914642,-7.256497,23.39458,5.668593
2.974118710,-7.260715,23.39946,5.663349
2.994323254,-7.265746,23.39806,5.660066
3.014527797,-7.261909,23.39573,5.659373
3.034731388,-7.275937,23.40105,5.652537
3.052410126,-7.29402,23.40995,5.643341
3.072614670,-7.313233,23.41693,5.633138
3.092819214,-7.301545,23.42061,5.635986
3.113023281,-7.325314,23.41942,5.622006
3.133227825,-7.322661,23.42655,5.626
3.153431415,-7.357101,23.44127,5.610476
3.173635959,-7.349566,23.44242,5.617608
3.193840027,-7.344931,23.44406,5.618279
3.214044571,-7.35826,23.45061,5.613677
3.234249115,-7.357796,23.45622,5.611895
3.254453182,-7.391613,23.4591,5.597789
3.274657726,-7.348829,23.45733,5.612724
3.292335987,-7.379287,23.45784,5.598278
3.312540054,-7.355531,23.46044,5.613645
3.332744598,-7.380983,23.46277,5.597146
3.352949142,-7.376918,23.44794,5.601234
3.373153210,-7.366341,23.45714,5.601569
3.393357754,-7.396717,23.45506,5.592574
3.413561344,-7.431812,23.5054,5.579019
3.433765888,-7.421298,23.45867,5.585515
3.453969955,-7.481061,23.49991,5.556059
3.474174499,-7.429434,23.50681,5.587565
3.494379043,-7.46797,23.50892,5.573782
3.514582634,-7.444938,23.50042,5.57988
3.532261372,-7.45403,23.50992,5.572183
3.552465916,-7.448918,23.49817,5.575977
3.572670460,-7.453461,23.5056,5.57138
3.592874527,-7.441389,23.49634,5.575792
3.613079071,-7.464156,23.50524,5.564679
3.633282661,-7.43848,23.50216,5.574156
3.653487205,-7.457708,23.50696,5.561712
3.673691273,-7.45643,23.50211,5.561483
3.693895817,-7.456835,23.50989,5.561085
3.714100361,-7.45857,23.50342,5.560287
3.734304428,-7.464296,23.50392,5.558672
3.754508972,-7.447543,23.50151,5.565562
3.774712563,-7.450282,23.50012,5.563079
3.792391777,-7.465829,23.50742,5.560011
3.812595844,-7.433331,23.48698,5.577736
3.832800388,-7.455389,23.51435,5.562572
3.853004456,-7.430503,23.51069,5.575209
3.873209000,-7.439986,23.51509,5.571518
3.893412590,-7.447107,23.50396,5.568146
3.913617134,-7.445421,23.50971,5.567138
3.933821678,-7.429782,23.51424,5.574169
3.954025745,-7.437269,23.5116,5.568424
3.974230289,-7.443976,23.50401,5.563932
3.994433880,-7.442389,23.50197,5.56385
4.014638424,-7.44431,23.50058,5.562626
4.032317161,-7.442024,23.49939,5.563517
4.052521705,-7.437318,23.50293,5.565205
4.072725773,-7.440699,23.49986,5.560886
4.092930317,-7.44498,23.49988,5.555538
4.113133907,-7.445569,23.50292,5.555434
4.133338451,-7.436316,23.5074,5.562284
4.153542995,-7.432538,23.5069,5.565189
4.173747062,-7.430823,23.50778,5.56314
4.193951607,-7.441343,23.50708,5.555142
4.214155674,-7.440069,23.51278,5.555433
4.234360218,-7.440288,23.51824,5.554226
4.254563808,-7.442774,23.51512,5.552309
4.274768352,-7.437956,23.51428,5.552059
4.292447090,-7.444377,23.514,5.54788
4.312651634,-7.439549,23.51261,5.548734
4.332855701,-7.445528,23.51538,5.543054
4.353060245,-7.443916,23.51266,5.541575
4.373263836,-7.449298,23.51429,5.5316
4.393468380,-7.45327,23.51633,5.524885
4.413672924,-7.450467,23.51703,5.52401
4.433876991,-7.453354,23.51438,5.520447
4.454081535,-7.448132,23.51143,5.519249
4.474285126,-7.446094,23.5094,5.51546
4.494489670,-7.441536,23.51139,5.508749
4.514693737,-7.431119,23.51125,5.487886
4.532372951,-7.432886,23.51037,5.450969
4.552577019,-7.446513,23.50523,5.412387
4.572781563,-7.456014,23.49648,5.392886
4.592985153,-7.456695,23.49732,5.380997
4.613189697,-7.450749,23.4971,5.364899
4.633394241,-7.438566,23.49356,5.336856
4.653598308,-7.427896,23.49597,5.289101
4.673802853,-7.421026,23.49186,5.221463
4.694006920,-7.405778,23.49211,5.13961
4.714211464,-7.336139,23.49574,5.0243
4.734415054,-7.2052,23.50529,4.783845
4.754619598,-7.036373,23.50406,4.317749
4.772298336,-6.847102,23.49785,3.660577
4.792502880,-6.552704,23.46782,2.521723
4.812706947,-6.174042,23.41195,0.7978884
4.832911491,-5.741681,23.29825,-1.712158
4.853116035,-5.293052,23.12768,-5.169832
4.873319626,-4.84486,22.83205,-9.666526
4.893524170,-4.433395,22.38412,-15.21326
4.913728237,-4.044687,21.82975,-21.72336
4.933932781,-3.722874,21.1424,-29.02654
4.954136372,-3.391969,20.40272,-36.96117
4.974340916,-3.008246,19.63125,-45.36005
4.994545460,-2.628044,18.85149,-54.04871
5.014749527,-2.232814,18.1018,-62.93184
5.032428264,-1.99376,17.45078,-70.62075
5.052632808,-1.619659,16.83765,-79.02256
5.072837353,-1.008543,16.31935,-87.00999
5.093040943,-0.253221,15.89771,-95.06997
5.113245487,0.5332863,15.58924,-103.204
5.133449554,1.286188,15.38307,-111.2827
5.153654098,2.066805,15.29895,-119.2924
5.173858166,2.88468,15.31289,-127.2261
5.194062710,3.713055,15.46305,-135.1377
5.214267254,4.489855,15.6882,-143.0522
5.234470844,5.14476,16.00447,-150.8949
5.254675388,5.717952,16.36702,-158.6213
5.272354126,6.218671,16.78767,-165.2822
5.292558670,6.716751,17.30046,-172.8134
5.312762737,7.190653,17.89021,179.5704
5.332967281,7.630924,18.5459,171.7919
5.353170872,7.943544,19.27345,163.8329
5.373375416,8.190555,20.04656,155.609
5.393579483,8.326989,20.8902,147.1062
5.413784027,8.363888,21.76226,138.2665
5.433987617,8.259061,22.60493,129.0963
5.454192161,7.986331,23.45309,119.6423
5.474396706,7.54363,24.25661,109.8182
5.494600773,6.936569,24.97974,99.64066
5.514805317,6.172742,25.5987,89.14403
5.532484054,5.365804,26.01775,79.73335
5.552688599,4.331318,26.34699,68.86227
5.572892189,3.246717,26.50611,57.92184
5.593096733,2.135546,26.44606,46.90308
5.613300800,0.9705727,26.20414,35.83264
5.633505344,-0.1360046,25.73098,24.9766
5.653709888,-1.042331,25.11884,14.32646
5.673913956,-1.749951,24.38431,3.736733
5.694118500,-2.217843,23.55603,-6.913386
5.714322090,-2.350302,22.68335,-17.85629
5.734526634,-2.479121,21.78408,-29.28818
5.754730701,-2.503402,20.79514,-41.06366
5.772409916,-2.552578,20.04772,-51.38572
5.792613983,-2.452988,18.80688,-62.66198
5.812818527,-1.898616,17.97958,-73.88457
5.833022118,-1.074606,17.47237,-85.22347
5.853226662,-0.08924646,17.08918,-96.90768
5.873430729,0.960927,16.78621,-108.8813
5.893635273,2.134674,16.66303,-121.1989
5.913839817,3.315937,16.77161,-133.8896
5.934043407,4.45832,17.15206,-146.938
5.954247951,5.513412,17.80732,-160.3804
5.974452019,6.353287,18.71249,-174.1442
5.994656563,6.819678,19.71729,171.949
6.012335300,6.971562,20.66385,159.6514
6.032539844,6.684546,21.62465,145.8068
6.052743435,6.25833,22.50842,132.1263
6.072947979,5.686093,23.2592,118.2591
6.093152046,5.029516,23.81679,104.8541
6.113356590,4.246895,24.44118,90.92432
6.133561134,3.309711,24.74093,76.66277
6.153765201,2.229779,24.86184,62.54076
6.173969745,1.106885,24.74631,48.6823
6.194173336,0.1742234,24.30883,35.22179
6.214377880,-0.483061,23.74817,21.90028
6.234581947,-1.02903,23.05781,8.406203
6.254786491,-1.42295,22.25146,-5.239653
6.272465229,-1.611372,21.50478,-17.21441
6.292669773,-1.676896,20.62336,-30.75115
6.312873363,-1.505446,19.73332,-44.05619
6.333077907,-1.085483,18.94141,-57.33479
6.353282451,-0.4159585,18.26775,-70.81277
6.373486519,0.4003904,17.76167,-84.44422
6.393691063,1.373084,17.46929,-98.32532
6.413894653,2.384388,17.42392,-112.4003
6.434099197,3.384155,17.64262,-126.6433
6.454303264,4.32492,18.08568,-141.1285
6.474507809,5.137928,18.77699,-155.855
6.494712353,5.780786,19.67511,-170.8942
6.512391090,5.981214,20.54302,175.7221
6.532594681,5.920052,21.577,160.1697
6.552799225,5.548744,22.54014,144.3746
6.573003292,4.912675,23.38175,128.4099
6.593207836,3.995095,24.01318,112.3994
6.613412380,3.026743,24.4183,96.21145
6.633616447,1.973982,24.57505,79.86813
6.653820991,0.9310782,24.47142,63.39391
6.674024582,-0.09428126,24.07909,46.98754
6.694229126,-1.022716,23.42482,30.96224
6.714433670,-1.696152,22.54564,15.4983
6.734637737,-2.16654,21.53071,0.6551946
6.752316475,-2.277774,20.63691,-11.95967
6.772521019,-1.93673,19.63337,-26.16965
6.792725563,-1.364914,18.75244,-40.60799
6.812929153,-0.6463352,18.03159,-55.30104
6.833133697,0.2820553,17.49524,-70.20499
6.853337765,1.372475,17.22531,-85.43855
6.873542309,2.513718,17.23384,-100.8593
6.893745899,3.604788,17.56618,-116.3697
6.913950443,4.574377,18.16218,-132.0046
6.934154987,5.324064,18.97487,-147.7859
6.954359055,5.928286,20.04613,-163.8737
6.974563599,6.102384,21.24083,179.525
6.994767666,5.79502,22.46234,162.4135
7.012446880,5.169793,23.38938,147.0221
7.032650471,4.161948,24.26201,129.1433
7.052855015,2.797548,24.7626,111.3233
7.073059082,1.433476,24.87391,93.67217
7.093263626,0.1567159,24.60061,76.36451
7.113467693,-0.9136487,24.0018,59.39294
7.133672237,-1.743537,23.16353,42.74783
7.153876781,-2.305369,22.12586,26.57602
7.174080372,-2.46695,20.9977,10.8567
7.194284916,-2.307632,19.88288,-4.699177
7.214488983,-1.779299,18.8826,-20.39928
7.234693527,-1.100856,18.01956,-36.04853
7.252372265,-0.2730117,17.46062,-49.71835
7.272576809,0.8024727,17.03771,-65.4385
7.292780399,1.94015,16.91465,-81.28461
7.312984943,3.097702,17.10329,-97.09565
7.333189010,4.079848,17.54395,-112.6648
7.353393555,4.894985,18.20373,-127.9871
7.373598099,5.476977,19.0003,-142.8428
7.393801689,5.999819,19.91733,-157.6621
7.414006233,6.284461,20.99832,-172.8622
7.434210300,6.116807,22.05869,171.6589
7.454414844,5.60634,23.07936,155.7363
7.474618912,4.867001,23.98208,139.2174
7.492298126,3.917081,24.58921,124.4543
7.512501717,2.605077,24.98682,107.3434
7.532706261,1.323638,25.03869,90.07542
7.552910328,0.05932381,24.74812,72.80435
7.573114872,-1.04425,24.12881,55.64202
7.593319416,-1.910288,23.23674,38.82294
7.613523483,-2.406204,22.16238,22.28642
7.633728027,-2.606976,21.00818,5.896206
7.653931618,-2.410447,19.86586,-10.52703
7.674136162,-1.898618,18.80821,-26.95849
7.694340229,-1.114462,17.9242,-43.37411
7.714544773,-0.1676427,17.27304,-59.75829
7.734749317,1.036068,16.93178,-76.22735
7.752428055,2.109893,16.8909,-90.66188
7.772631645,3.272218,17.17905,-107.1128
7.792836189,4.297203,17.73779,-123.3232
7.813040733,5.113705,18.51596,-139.3178
7.833244801,5.724958,19.47951,-155.2558
7.853449345,6.069184,20.58656,-171.2999
7.873652935,5.957242,21.68181,172.5725
7.893857479,5.499215,22.7171,156.14
7.914061546,4.841995,23.67086,139.1328
7.934266090,3.801497,24.40973,121.7372
7.954470634,2.493988,24.80901,104.1737
7.974674702,1.225307,24.85442,86.55953
7.992352962,0.09658737,24.59309,71.25645
8.012557506,-1.001026,23.97987,54.06647
8.032762050,-1.89152,23.10044,37.44519
8.052966118,-2.368893,22.03858,21.36376
8.073170662,-2.51456,20.92322,5.517797
8.093374729,-2.289326,19.79945,-10.36983
8.113579273,-1.766356,18.79757,-26.28971
8.133782863,-0.9499819,17.95622,-42.31138
8.153987407,0.01811091,17.35962,-58.49512
8.174191952,1.184991,17.06615,-74.856
8.194396019,2.353247,17.06106,-91.23876
8.214600563,3.515924,17.41597,-107.7292
8.232279301,4.398357,17.97373,-122.1578
8.252483845,5.191977,18.81577,-138.5903
8.272687435,5.75346,19.84672,-155.0542
8.292891979,6.007751,21.02952,-171.8174
8.313096046,5.772782,22.18811,171.1649
8.333300590,5.090255,23.2196,153.8263
8.353505134,4.214056,24.10853,135.9268
8.373708725,2.925876,24.68215,117.7823
8.393913269,1.538682,24.85954,99.54725
8.414117336,0.2631821,24.66432,81.30455
8.434321880,-0.905337,24.09326,63.18959
8.454525947,-1.819983,23.23964,45.3673
8.474730492,-2.409747,22.15788,28.0188
8.492408752,-2.56376,21.13807,13.04418
8.512613296,-2.428238,19.96549,-4.093567
8.532817364,-1.889816,18.90158,-21.38258
8.553021908,-1.117705,18.00798,-38.63213
8.573225975,-0.1448737,17.37963,-55.87527
8.593430519,1.01397,17.04832,-73.16103
8.613635063,2.139021,17.00975,-90.0896
8.633838653,3.189565,17.07031,-106.8421
8.654043198,4.183439,17.71998,-123.1937
8.674247265,5.048212,18.67663,-139.4352
8.694451809,5.649272,19.69476,-155.7493
8.714655399,5.982221,20.82708,-172.2812
8.732335091,5.891289,21.8351,173.0104
8.752538681,5.422987,22.95986,155.6541
8.772743225,4.592958,23.95169,137.6946
8.792947292,3.360212,24.63619,119.4113
8.813151836,1.92465,24.93854,100.9503
8.833356380,0.5691491,24.78334,82.30558
8.853559971,-0.7391222,24.32337,64.11581
8.873764515,-1.718219,23.55277,46.20821
8.893968582,-2.337757,22.49236,28.42291
8.914173126,-2.602418,21.32166,10.58658
8.934377193,-2.521282,20.1123,-7.353752
8.954581738,-2.071494,19.00314,-25.26967
8.972259998,-1.408734,18.14765,-40.87878
8.992464542,-0.4420398,17.44221,-58.75327
9.012668609,0.7758006,17.06265,-76.88673
9.032873153,2.187108,17.11461,-95.35129
9.053077698,3.453058,17.59357,-113.9446
9.073281765,4.434707,18.40207,-132.4723
9.093486309,5.059894,19.41919,-150.7662
9.113689899,5.357659,20.54673,-168.7678
9.133894443,5.266961,21.63208,173.4265
9.154098511,4.73391,22.62,155.5926
9.174303055,3.964613,23.36861,137.6414
9.194507599,2.930032,23.87621,119.6256
9.214711189,1.815866,24.091,101.4827
9.232389927,0.8977454,24.04185,85.49179
9.252594471,-0.116075,23.70879,67.31224
9.272799015,-0.9614813,23.08559,49.44642
9.293003082,-1.505112,22.2689,31.93038
9.313207626,-1.699844,21.3638,14.36164
9.333411217,-1.636302,20.42198,-3.58878
9.353615761,-1.281378,19.55958,-21.82319
9.373820305,-0.7254121,18.81565,-40.12099
9.394024372,-0.01205746,18.28036,-58.50693
9.414228916,0.9617202,18.0141,-77.13951
9.434432983,2.013218,18.05816,-96.00336
9.454637527,2.965297,18.44786,-114.9898
9.472315788,3.592655,18.9936,-131.47
9.492520332,4.05816,19.73804,-149.9798
9.512724399,4.273178,20.56317,-168.0944
9.532928944,4.167675,21.32999,174.2161
9.553133011,3.77071,21.93222,157
9.573337555,3.162386,22.3169,140.2791
9.593542099,2.64381,22.55263,123.8863
9.613745689,2.004508,22.64581,107.5609
9.633950233,1.476905,22.57259,91.10643
9.654154301,0.9938846,22.44746,74.97108
9.674358845,0.6073582,22.17709,58.93717
9.694563389,0.3303479,21.8003,42.90797
9.712242126,0.2115445,21.45791,28.91275
9.732445717,0.2063728,21.03257,12.70804
9.752650261,0.2627893,20.60049,-3.723396
9.772854805,0.4599877,20.2397,-20.39844
9.793058872,0.7239124,19.92426,-37.28854
9.813263416,1.001841,19.69331,-54.30587
9.833467007,1.411226,19.57164,-71.54767
9.853671551,1.831413,19.5499,-88.921
9.873875618,2.263697,19.69013,-106.3606
9.894080162,2.638834,19.93961,-123.8325
9.914284706,2.901209,20.27304,-141.2752
9.934488773,3.111173,20.69105,-158.7083
9.954693317,3.203755,21.17372,-176.3783
9.972371578,3.078153,21.57497,167.9704
9.992576122,2.704256,21.92373,149.8424
10.012780189,2.288315,22.24961,131.2402
10.032984733,1.667248,22.41375,112.5278
10.053188801,1.001858,22.3578,94.16976
10.073393345,0.505509,22.10558,76.35374
10.093596935,0.08897988,21.71282,59.17043
10.113801479,-0.1589113,21.22112,42.54355
10.134006023,-0.2326584,20.66517,26.48207
10.154210090,-0.1882065,20.09355,10.99506
10.174414635,0.2481449,19.61875,-4.356848
10.194618225,0.8007939,19.28723,-20.28333
10.212297916,1.196554,19.1068,-34.47837
10.232501507,1.711582,19.05086,-50.82912
10.252706051,2.291524,19.11687,-67.44811
10.272910118,2.886119,19.38289,-84.45271
10.293114662,3.438808,19.85053,-102.0017
10.313319206,3.757907,20.4981,-120.0374
10.333522796,3.820914,21.1933,-138.364
10.353727341,3.684619,21.90607,-156.9713
10.373931408,3.276111,22.58962,-175.9862
10.394135952,2.54657,23.08841,164.5776
10.414340019,1.589395,23.30182,144.7613
10.434544563,0.6539116,23.24768,124.6544
10.454749107,-0.3576963,22.86578,104.8415
10.472427368,-0.938844,22.30434,87.80792
10.492631435,-1.322495,21.52834,68.82317
10.512835979,-1.452124,20.66409,50.44975
10.533040523,-1.295756,19.81693,32.70581
10.553244591,-0.8862292,19.03701,15.60452
10.573449135,-0.2019374,18.40173,-1.154539
10.593652725,0.7559325,18.0448,-18.30133
10.613857269,1.64258,17.96198,-35.73084
10.634061813,2.531057,18.1244,-53.24955
10.654265881,3.333324,18.51535,-70.9167
10.674470425,3.963695,19.1181,-88.62112
10.694674015,4.399466,19.87325,-106.2717
10.712353706,4.578933,20.61447,-121.6972
10.732557297,4.489897,21.45126,-139.2359
10.752761841,4.215076,22.23833,-156.746
10.772965908,3.774699,22.9555,-174.5301
10.793170452,2.999067,23.48653,167.2683
10.813374042,1.967178,23.75378,148.5934
10.833578587,0.9436443,23.78098,129.4043
10.853783131,-0.1615059,23.45917,110.1715
10.873987198,-1.006223,22.83695,91.12322
10.894191742,-1.528453,22.02956,72.29868
10.914395809,-1.814749,21.07891,54.06256
10.934600353,-1.765462,20.11263,36.43815
10.952278614,-1.437257,19.31625,21.52808
10.972483158,-0.7770664,18.54646,4.611395
10.992687225,0.1293349,18.0004,-12.54211
11.012891769,1.103451,17.74425,-29.89679
11.033096313,2.092504,17.76107,-47.33454
11.053300380,3.012326,18.04227,-64.87675
11.073504925,3.800328,18.56436,-82.60396
11.093708515,4.476723,19.34853,-100.485
11.113913059,4.825715,20.28315,-118.3941
11.134117126,4.826298,21.24047,-136.2312
11.154321670,4.501026,22.11712,-153.8487
11.174526214,3.934171,22.83821,-171.1371
11.192204475,3.326236,23.26364,174.0436
11.212408542,2.524114,23.53105,157.202
11.232613087,1.608045,23.53032,140.3058
11.252817631,0.7966371,23.36871,123.1304
11.273021698,0.01840502,23.01226,105.6721
11.293226242,-0.5165945,22.47635,87.99345
11.313429832,-0.8508403,21.82878,70.20088
11.333634376,-0.982792,21.11735,52.41767
11.353838920,-0.9146813,20.41197,34.79665
11.374042988,-0.6097862,19.73216,17.31995
11.394247532,-0.1165299,19.18307,-0.228398
11.414451599,0.5477475,18.79843,-17.97676
11.434656143,1.184037,18.60584,-35.76875
11.452334404,1.813822,18.62593,-51.3406
11.472538948,2.365123,18.72776,-68.78036
11.492743015,2.851351,18.94656,-85.83893
11.512947559,3.332539,19.31775,-102.5951
11.533151626,3.685618,19.78968,-119.0031
11.553356171,3.86786,20.29718,-135.0499
11.573560715,3.865881,20.76609,-150.7095
11.593764305,3.906938,21.28897,-166.1039
11.613968849,3.89735,21.809,178.0871
11.634172916,3.582984,22.27984,162.0659
11.654377460,3.098584,22.60876,145.7563
11.674582004,2.581799,22.93613,128.8356
11.692260742,1.945728,23.05132,113.8148
11.712464333,1.229595,23.01305,96.5494
11.732668877,0.6386851,22.80045,79.16714
11.752873421,0.07601733,22.41742,61.99007
11.773077488,-0.2786978,21.92656,44.96014
11.793282032,-0.4191305,21.38177,27.88074
11.813485622,-0.424583,20.78734,10.65981
11.833690166,-0.2676373,20.24149,-6.742327
11.853894234,0.07250159,19.75653,-24.36634
11.874098778,0.4846514,19.37542,-42.07791
11.894303322,0.9471316,19.12515,-59.89952
11.914507389,1.540709,19.05809,-78.057
11.934711933,2.227181,19.21098,-96.58698
11.952390194,2.705457,19.50569,-112.8725
11.972594738,3.054586,19.95551,-131.3214
11.992798805,3.215362,20.44233,-149.4595
12.013003349,3.239245,20.95126,-167.2121
12.033207416,3.162929,21.3935,175.4459
12.053411960,2.961631,21.80025,157.9679
12.073616504,2.505646,22.07885,140.1635
12.093820095,2.063039,22.29564,122.006
12.114024639,1.5304,22.3733,103.6471
12.134228706,1.044024,22.32062,85.11143
12.154433250,0.5825214,22.11713,66.6721
12.174636841,0.1848629,21.77029,48.66792
12.192316532,-0.01770675,21.41442,33.1655
12.212520122,-0.03350937,20.94683,15.41499
12.232724666,0.05596108,20.50225,-2.630564
12.252928734,0.2981919,20.12115,-21.00805
12.273133278,0.5619856,19.80893,-39.46355
12.293337822,0.8473973,19.57614,-57.90243
12.313541412,1.308666,19.44774,-76.41934
12.333745956,1.759412,19.44423,-94.89031
12.353950024,2.22008,19.60919,-113.2882
12.374154568,2.543148,19.88394,-131.4277
12.394359112,2.74427,20.18658,-149.1943
12.414563179,2.870523,20.54972,-166.5533
12.432241440,2.870925,20.84056,178.6581
12.452445984,2.813135,21.07675,162.2065
12.472650528,2.616245,21.28222,145.7448
12.492854595,2.500569,21.49608,129.0607
12.513059139,2.218663,21.64066,112.4653
12.533263206,1.973347,21.73359,95.65192
12.553467750,1.761442,21.78796,78.68569
12.573672295,1.486527,21.75735,61.86079
12.593875885,1.27976,21.66209,45.13215
12.614080429,1.145487,21.54015,28.31232
12.634284496,1.04651,21.3753,11.16407
12.654489040,0.9497908,21.19644,-6.297701
12.674692631,0.8761862,20.98924,-23.86588
12.692372322,0.8290548,20.78423,-39.23213
12.712575912,0.7893971,20.5367,-56.73652
12.732780456,0.9406057,20.30811,-74.39888
12.752984524,1.218759,20.14965,-92.32983
12.773189068,1.492646,20.11271,-110.391
12.793393612,1.705565,20.12778,-128.3119
12.813597202,1.890551,20.19295,-145.8818
12.833801746,2.051271,20.28261,-163.0099
12.854005814,2.166232,20.39744,-179.6239
12.874210358,2.354517,20.47181,164.0992
12.894414902,2.362965,20.60616,147.6073
12.914618969,2.508238,20.82435,130.7613
12.932297230,2.435479,21.01197,115.9482
12.952501774,2.373979,21.22259,98.76655
12.972706318,2.287422,21.41583,81.40675
12.992910385,2.056953,21.56153,64.17189
13.013114929,1.811349,21.62552,47.2686
13.033318996,1.629236,21.63443,30.45178
13.053523540,1.491215,21.60203,13.41457
13.073727131,1.30882,21.53771,-4.017695
13.093931675,1.138982,21.4169,-21.74072
13.114136219,0.9451206,21.23917,-39.5317
13.134340286,0.7584934,21.01818,-57.33809
13.154544830,0.7373747,20.75041,-75.156
13.172223091,0.7927469,20.5192,-90.83242
13.192428112,1.01387,20.33881,-108.9934
13.212631702,1.232221,20.2396,-127.2213
13.232836246,1.453531,20.20204,-145.4067
13.253040314,1.669074,20.24079,-163.3771
13.273244858,1.783374,20.27825,179.1617
13.293449402,1.921612,20.34303,161.9319
13.313652992,2.035248,20.41637,144.7637
13.333857536,2.181782,20.53615,127.5664
13.354061603,2.190649,20.67945,110.299
13.374266147,2.214025,20.85183,92.94322
13.394470215,2.207254,21.01496,75.69885
13.414674759,2.187724,21.16417,58.49178
13.432353020,2.125381,21.29724,43.43274
13.452557564,1.964674,21.39879,26.27452
13.472762108,1.818456,21.45391,9.118075
13.492966175,1.621893,21.44476,-8.191418
13.513170719,1.457086,21.43981,-25.8302
13.533374786,1.207427,21.34547,-43.52018
13.553579330,0.9224326,21.16373,-61.14275
13.573782921,0.8786067,20.96465,-78.88405
13.593987465,0.8007118,20.69184,-96.26488
13.614192009,0.9215081,20.46016,-113.5129
13.634396076,1.091299,20.27471,-130.6417
13.654600620,1.368643,20.15505,-147.7966
13.672278881,1.64777,20.16471,-162.8927
13.692483902,1.866295,20.21355,179.8796
13.712687492,2.032466,20.3159,162.7043
13.732892036,2.182119,20.4378,145.4658
13.753096104,2.236706,20.57919,128.3021
13.773300648,2.155607,20.69842,111.4427
13.793505192,2.063049,20.75784,95.10397
13.813708782,2.068869,20.77158,79.01459
13.833913326,2.052672,20.7971,63.51018
13.854117393,2.106464,20.87863,48.09232
13.874321938,2.202671,20.93962,32.55499
13.894526005,2.255572,21.02629,16.90021
13.914730549,2.328676,21.15298,0.8144488
13.932408810,2.337712,21.27743,-13.80956
13.952613354,2.177618,21.4665,-30.98549
13.972817421,1.94694,21.57609,-48.4625
13.993021965,1.665414,21.59762,-66.04814
14.013226509,1.401621,21.54131,-83.8202
14.033430576,1.215823,21.44505,-101.763
14.053635120,1.081613,21.34161,-119.8267
14.073838711,0.9590329,21.19405,-137.9611
14.094043255,0.9091812,21.02733,-156.0654
14.114247799,0.7647625,20.84621,-173.7166
14.134451866,0.6863208,20.56779,169.3198
14.154656410,0.7355666,20.22226,153.0895
14.172335148,0.893602,19.95573,139.2108
14.192539692,1.263023,19.7416,123.4033
14.212743282,1.605761,19.63526,107.3623
14.232947826,2.057527,19.67261,91.00815
14.253151893,2.523774,19.84624,74.42606
14.273356438,2.844802,20.11897,57.76542
14.293560982,3.042482,20.47082,41.03767
14.313764572,3.160158,20.8611,24.27885
14.333969116,3.116188,21.25956,7.350876
14.354173183,2.969736,21.63338,-9.916564
14.374377727,2.660677,21.96987,-27.47432
14.394581795,2.197172,22.17722,-45.16229
14.412261009,1.646596,22.24183,-60.60411
14.432464599,1.165005,22.1315,-78.04406
14.452669144,0.7077514,21.84951,-95.11809
14.472873211,0.4322198,21.51675,-111.9359
14.493077755,0.2549824,21.08637,-128.453
14.513282299,0.2786483,20.69254,-144.7547
14.533486366,0.4943984,20.33512,-160.9851
14.553690910,0.7052886,20.02407,-177.1601
14.573894501,1.044395,19.78477,166.7293
14.594099045,1.530289,19.65302,150.4012
14.614303589,1.931353,19.64372,133.8968
14.634507656,2.274676,19.72379,117.3471
14.652185917,2.479079,19.86849,102.8984
14.672390938,2.82166,19.91391,86.24355
14.692594528,2.964086,20.38143,69.94373
14.712799072,3.019282,20.73694,53.95205
14.733003616,3.082797,21.04465,37.97437
14.753207684,3.078743,21.41161,21.75871
14.773412228,2.967661,21.75716,5.022905
14.793615818,2.644379,22.04596,-12.01984
14.813820362,2.224006,22.23583,-29.27594
14.834024906,1.751667,22.31276,-46.77361
14.854228973,1.206295,22.23151,-64.35242
14.874433517,0.7765756,22.0221,-82.16838
14.894637585,0.513458,21.75034,-100.3118
14.912316799,0.3359356,21.46326,-116.2885
14.932520390,0.2315996,21.10791,-134.6323
14.952724934,0.2456502,20.7381,-152.8514
14.972929001,0.3425042,20.38319,-170.6835
14.993133545,0.4350303,19.98644,172.1122
15.013338089,0.6753534,19.64004,155.3475
15.033542156,1.042214,19.35937,138.8506
15.053746700,1.543403,19.21662,122.4887
15.073950290,2.049046,19.22738,106.0356
15.094154835,2.534732,19.3908,89.45667
15.114358902,3.013875,19.69777,72.81716
15.134563446,3.354139,20.10372,56.1604
15.152241707,3.517783,20.50975,41.58436
15.172446728,3.553852,20.97623,25.05762
15.192650318,3.510125,21.4508,8.407736
15.212854862,3.314953,21.92623,-8.744081
15.233059406,2.922204,22.35753,-26.41954
15.253263473,2.306109,22.61468,-44.25277
15.273468017,1.521584,22.6756,-62.11314
15.293671608,0.9097244,22.53016,-79.80469
15.313876152,0.3797046,22.18219,-97.2729
15.334080219,0.04218441,21.78025,-114.6971
15.354284763,-0.1109132,21.30438,-132.1499
15.374489307,-0.07849129,20.8302,-149.6466
15.394693374,0.09476466,20.37255,-167.0692
15.412372589,0.2813559,20.01218,177.846
15.432576179,0.5618034,19.64295,160.7099
15.452780723,1.049241,19.38156,143.5834
15.472984791,1.518439,19.2324,126.5189
15.493189335,2.031181,19.28605,109.3234
15.513393402,2.470203,19.478,92.02886
15.533597946,2.888003,19.7933,74.81761
15.553802490,3.187136,20.20023,57.66628
15.574006081,3.297868,20.63559,40.70329
15.594210625,3.259687,21.03982,24.0541
15.614414692,3.160158,21.40418,7.549917
15.634619236,2.995837,21.7551,-9.257826
15.652297497,2.765408,22.04892,-24.44408
15.672502518,2.268363,22.27492,-42.00255
15.692706108,1.614657,22.34807,-59.58556
15.712910652,1.191033,22.27815,-77.46383
15.733115196,0.7554653,22.06277,-95.43273
15.753319263,0.4086718,21.76718,-113.3796
15.773523807,0.1985366,21.38194,-131.3331
15.793727398,0.167331,21.0061,-149.2997
15.813931942,0.2324415,20.61243,-167.0981
15.834136009,0.2782585,20.22829,175.532
15.854340553,0.4775563,19.862,158.4691
15.874545097,0.855407,19.54686,141.5968
15.892223835,1.133257,19.30348,127.0708
15.912427425,1.627136,19.24268,110.507
15.932631969,1.918881,19.27362,94.16121
15.952836514,2.369812,19.27528,78.41587
15.973040581,2.750717,19.47279,63.12388
15.993245125,3.147451,19.73932,48.1032
16.013449192,3.534149,20.09636,32.92318
16.033653736,3.783508,20.55544,17.46824
16.053857326,3.929071,21.07019,1.541259
16.074061870,3.880317,21.63734,-15.00099
16.094266414,3.56802,22.22581,-32.16448
16.114470482,2.992636,22.65477,-49.63163
16.134675026,2.17512,22.78551,-66.98515
16.152353287,1.564571,22.87614,-81.75117
16.172558307,0.8919325,22.67605,-98.42859
16.192761898,0.3179665,22.30964,-114.7181
16.212966442,-0.084122,21.8248,-130.6173
16.233170509,-0.1920677,21.31293,-146.2825
16.253375053,-0.1447043,20.77351,-161.8175
16.273579597,0.007186815,20.25369,-177.1918
16.293783188,0.3806352,19.81866,167.3017
16.313987732,0.8228009,19.4502,151.6563
16.334191799,1.349918,19.24547,135.8621
16.354396343,1.779091,19.13247,120.0717
16.374600410,2.315974,19.20204,104.1883
16.392279625,2.753963,19.36936,90.22576
16.412483215,3.216637,19.69955,74.16904
16.432687759,3.52451,20.10614,58.16426
16.452891827,3.711864,20.58114,42.23565
16.473096371,3.821393,21.11079,26.11942
16.493300915,3.741014,21.65347,9.608213
16.513504982,3.475917,22.18317,-7.42925
16.533709526,3.016005,22.63051,-24.89239
16.553913116,2.34765,22.89686,-42.54914
16.574117660,1.536444,22.97636,-60.3992
16.594321728,0.8861696,22.86945,-78.63345
16.614526272,0.3112216,22.59109,-97.19546
16.634730816,-0.2014323,22.15006,-115.9064
16.652409553,-0.501269,21.66246,-132.2603
16.672613144,-0.6111355,21.06157,-150.8391
16.692817688,-0.516731,20.46123,-169.1617
16.713022232,-0.3270921,19.86481,172.851
16.733226299,0.01145746,19.36239,155.1064
16.753430843,0.5852981,18.97759,137.3946
16.773634434,1.247715,18.80931,119.5894
16.793838978,1.903043,18.85129,101.5874
16.814043522,2.583722,19.09561,83.45036
16.834247589,3.114826,19.52775,65.35262
16.854452133,3.479451,19.89248,47.19771
16.874656200,3.53016,20.60325,29.82061
16.892334461,3.431837,21.08889,15.11402
16.912539005,3.277918,21.48336,-1.614092
16.932743549,3.054232,21.84718,-18.40346
16.952947617,2.673709,22.1946,-35.6423
16.973152161,2.149467,22.37133,-53.03561
16.993356228,1.56857,22.3945,-70.41259
17.013560772,1.10424,22.27753,-87.9454
17.033764362,0.75973,22.06867,-105.8259
17.053968906,0.4625821,21.83241,-124.1429
17.074173450,0.2695075,21.50121,-142.7692
17.094377517,0.1990887,21.15341,-161.5529
17.114582062,0.2287195,20.81706,179.6557
17.132260322,0.2943322,20.48669,163.2763
17.152465343,0.3507234,20.12328,144.6941
17.172668934,0.6806365,19.86003,125.9581
17.192873478,1.010803,19.68974,107.1922
17.213077545,1.364449,19.62428,88.49869
17.233282089,1.78711,19.7103,69.93325
17.253486633,2.134738,19.92788,51.45311
17.273690224,2.291564,20.09796,33.80664
17.293894768,2.381885,20.36903,16.77397
17.314098835,2.532525,20.53483,-0.1150722
17.334303379,2.623394,20.78181,-17.19378
17.354507446,2.60475,21.10777,-34.79754
17.374711990,2.339284,21.29713,-52.2072
17.392390251,2.051839,21.38991,-67.20267
17.412594795,1.845039,21.44863,-84.23407
17.432798862,1.641859,21.41047,-101.1976
17.453003406,1.515098,21.39773,-118.2287
17.473207950,1.406537,21.31988,-135.3625
17.493412018,1.348536,21.25089,-152.5886
17.513616562,1.393791,21.21016,-170.0593
17.533820152,1.339525,21.17319,172.1988
17.554024696,1.255393,21.12153,154.2014
17.574228763,1.173183,21.03079,135.9023
17.594433308,1.129373,20.94802,117.3786
17.614637852,1.046636,20.84409,98.83527
17.632316112,1.085026,20.75716,82.60719
17.652520180,1.165053,20.67156,64.2544
17.672724724,1.2264,20.58315,46.14853
17.692928791,1.284526,20.49871,28.43972
17.713133335,1.386204,20.39679,11.13725
17.733337879,1.520619,20.33486,-6.058423
17.753541470,1.776583,20.36562,-23.69428
17.773746014,1.882619,20.45141,-41.60881
17.793950081,1.89958,20.5412,-59.52286
17.814154625,1.916714,20.63228,-77.40788
17.834359169,1.900757,20.69794,-95.11332
17.854563236,1.932091,20.76571,-112.6217
17.872241497,1.959263,20.86181,-127.8417
17.892446041,1.964593,20.95886,-145.2602
17.912650108,2.011162,21.07431,-162.7289
17.932854652,2.02031,21.22164,179.7214
17.953059196,1.949939,21.33598,161.913
17.973263264,1.727985,21.38743,143.8673
17.993467808,1.553937,21.44134,125.4585
18.013671398,1.311957,21.43947,106.922
18.033875942,1.066041,21.34842,88.48872
18.054080486,0.9340375,21.21656,70.26263
18.074284553,0.8582022,21.01752,52.14713
18.094489097,0.7649261,20.80548,34.84105
18.112167358,0.7256076,20.61856,20.08674
18.132371425,0.8915545,20.31578,3.408687
18.152575969,1.075756,20.08763,-13.14812
18.172780514,1.375994,19.98181,-30.06369
18.192984581,1.551701,19.88134,-46.83382
18.213189125,1.677947,19.81104,-63.26214
18.233392715,1.919029,19.77759,-79.41488
18.253597259,2.107625,19.74283,-95.14797
18.273801327,2.370084,19.83463,-110.5988
18.294005871,2.662461,19.97352,-125.8598
18.314210415,2.93061,20.16589,-141.0435
18.334414482,3.189815,20.44568,-156.2792
18.354619026,3.46526,20.81447,-171.8148
18.372297287,3.501188,21.17908,174.3704
18.392501831,3.488575,21.63944,158.0563
18.412705898,3.188889,22.04558,141.3514
18.432910442,2.829916,22.38765,124.2042
18.453114509,2.263477,22.60985,106.8686
18.473319054,1.672653,22.67453,89.34027
18.493522644,1.186025,22.62627,71.58514
18.513727188,0.6769733,22.43368,53.76703
18.533931732,0.2689846,22.12195,35.9182
18.554135799,-0.03675978,21.693,18.08482
18.574340343,-0.2521511,21.18261,0.2598574
18.594543934,-0.2363314,20.67192,-17.67185
18.612223148,-0.1253196,20.23041,-33.50352
18.632427215,0.1693528,19.80542,-51.77849
18.652631760,0.4640618,19.44154,-69.91361
18.672835827,0.8383943,19.15354,-87.74902
18.693040371,1.388606,19.00181,-105.2031
18.713243961,1.933489,19.01043,-122.223
18.733448505,2.463178,19.1345,-138.8587
18.753652573,2.957384,19.40289,-155.256
18.773857117,3.491942,19.84731,-171.7472
18.794061661,3.820432,20.39038,171.4901
18.814265728,3.928432,21.0274,154.3609
18.834470272,3.81931,21.69869,136.5612
18.854673862,3.401331,22.29246,118.4794
18.872353077,2.8037,22.63659,102.8104
18.892557144,2.145993,22.73742,84.89774
18.912761688,1.451207,22.80864,67.28961
18.932965755,0.7983547,22.7324,50.10073
18.953170300,0.3290626,22.4146,32.91074
18.973373890,-0.01798895,22.00313,15.62137
18.993578434,-0.230037,21.4939,-2.021597
19.013782978,-0.3038609,20.97607,-19.96803
19.033987045,-0.298263,20.45067,-38.02519
19.054191589,-0.07342402,19.9535,-56.17379
19.074395180,0.2269038,19.4996,-74.25011
19.094599724,0.7516128,19.1902,-92.41837
19.112278461,1.314548,19.08595,-108.4535
19.132483005,1.924372,19.15613,-126.7835
19.152687073,2.456388,19.38691,-144.9718
19.172891617,2.87601,19.75386,-162.9066
19.193095207,3.156155,20.18952,179.5381
19.213299751,3.199369,20.58589,162.4816
19.233503818,3.086079,20.91755,145.7966
19.253708362,2.974307,21.2287,129.2025
19.273912906,2.703286,21.49638,112.7996
19.294116974,2.422041,21.62909,96.5016
19.314321518,2.234875,21.8107,80.18087
19.334525108,1.98421,21.91148,63.7962
19.352204323,1.770034,21.93744,49.38309
19.372408390,1.536981,21.91203,32.81298
19.392612934,1.325078,21.82261,16.02126
19.412817001,1.107433,21.68817,-1.037478
19.433021545,0.9320369,21.50749,-18.52948
19.453225136,0.7205714,21.2941,-36.21497
19.473429680,0.564519,21.00588,-53.92814
19.493634224,0.5288145,20.68103,-71.63614
19.513838291,0.6444261,20.37039,-89.48434
19.534042835,0.9303309,20.17114,-107.5397
19.554246426,1.263674,20.07722,-125.9553
19.574450970,1.615438,20.09674,-144.7505
19.594655037,1.935245,20.26834,-163.6733
19.612334251,2.161469,20.49571,179.6646
19.632538319,2.226847,20.76999,160.5091
19.652742863,2.059994,20.9695,141.4376
19.672946453,1.881864,21.14001,122.6805
19.693150997,1.673801,21.10756,104.1627
19.713355064,1.382649,20.90068,86.92017
19.733559608,1.348683,20.89437,69.69166
19.753764152,1.331782,20.91511,52.58944
19.773968220,1.346698,20.86817,35.46035
19.794172764,1.410718,20.78938,18.29902
19.814376354,1.476108,20.73931,1.110967
19.834580898,1.573563,20.70354,-16.36841
19.852259636,1.648168,20.74459,-31.96627
19.872464180,1.615049,20.73336,-49.85413
19.892668247,1.535812,20.74015,-67.83522
19.912872791,1.514293,20.71917,-85.88464
19.933076382,1.569872,20.72156,-103.8601
19.953280926,1.601633,20.72426,-121.6412
19.973484993,1.611956,20.71859,-139.1961
19.993689537,1.639952,20.7218,-156.4871
20.013893127,1.724881,20.74017,-173.5103
20.034097671,1.768359,20.76644,169.6449
20.054302215,1.854794,20.81144,152.6396
20.074506283,1.827257,20.81934,135.5349
20.094710827,1.887312,20.89038,118.1304
20.112389564,1.821117,20.94103,102.8386
20.132594108,1.74634,20.98211,85.4062
20.152797699,1.735224,20.9466,68.00785
20.173002243,1.62575,21.01658,51.0149
20.193206310,1.57534,20.99957,34.3219
20.213410854,1.607015,20.95819,17.68064
20.233614921,1.651452,20.95152,0.8084949
20.253819465,1.690916,20.95626,-16.50191
20.274023056,1.623201,20.96778,-33.96321
20.294227600,1.505584,20.94656,-51.44627
20.314432144,1.44231,20.88775,-69.02833
20.334636211,1.467374,20.857,-86.94884
20.352314472,1.542309,20.8547,-102.9223
20.372519493,1.607551,20.89078,-121.5196
20.392724037,1.609741,20.98534,-140.3313
20.412927627,1.552834,21.03629,-159.0399
20.433132171,1.463457,21.07482,-177.3863
20.453336239,1.259317,21.00031,164.8554
20.473540783,1.175848,20.87213,147.5756
20.493744373,0.9841823,20.61338,130.9888
20.513948917,0.9660664,20.35116,114.7755
20.534152985,1.014564,20.07686,99.02072
20.554357529,1.262859,19.64843,83.81469
20.574562073,1.63303,19.55707,68.76698
20.592240810,1.946405,19.63689,55.62439
20.612444401,2.35615,19.8238,40.50723
20.632648945,2.788216,20.00624,25.0486
20.652853012,3.104827,20.31627,9.216083
20.673057556,3.368299,20.72752,-7.245128
20.693262100,3.418823,21.23535,-24.35083
20.713466167,3.19065,21.69293,-41.81297
20.733670711,2.753094,22.09194,-59.59446
20.753874302,2.31236,22.39179,-77.84068
20.774078846,1.820726,22.57036,-96.52626
20.794282913,1.257298,22.6177,-115.6085
20.814487457,0.6493044,22.47674,-134.8573
20.834691048,0.09650858,22.17173,-153.9499
20.852370262,-0.2603918,21.77742,-170.3106
20.872574329,-0.5123485,21.2233,171.546
20.892778873,-0.5529805,20.57665,153.9662
20.912982941,-0.4469053,19.94369,136.5572
20.933187485,-0.07021338,19.39784,119.2942
20.953391075,0.4176514,18.93386,102.1657
20.973595619,0.9696181,18.37256,85.54086
20.993800163,1.667845,18.4061,69.08541
21.014004230,2.367679,18.63025,52.82509
21.034208774,3.051683,18.95576,36.6236
21.054412842,3.639307,19.39536,20.3257
21.074617386,4.065722,19.98044,3.809868
21.092295646,4.278573,20.58552,-11.00972
21.112500191,4.31859,21.39519,-28.64094
21.132704258,3.929417,22.10542,-46.48841
21.152908802,3.243898,22.66599,-64.36629
21.173112869,2.567781,23.04836,-82.49814
21.193317413,1.793549,23.20288,-100.7979
21.213521004,1.032459,23.19729,-119.4042
21.233725548,0.2862221,22.95551,-138.2497
21.253929615,-0.3195272,22.5306,-157.181
21.274134159,-0.7457275,21.95217,-176.0753
21.294338703,-1.037037,21.26629,165.2469
21.314542293,-1.153605,20.47078,146.9022
21.332221031,-1.008847,19.80319,131.1589
21.352425575,-0.6635144,19.09888,113.5402
21.372629642,-0.2376094,18.44973,96.84332
21.392834186,0.5846715,17.9595,80.92239
21.413038730,1.531242,17.81707,64.98784
21.433242321,2.448313,17.95296,49.11637
21.453446865,3.313391,18.28361,33.25554
21.473650932,4.090497,18.80203,17.25553
21.493855476,4.642082,19.51165,1.045578
21.514059543,5.064653,20.41564,-15.80017
21.534264088,5.106743,21.43394,-33.35717
21.554467678,4.678913,22.39323,-51.27802
21.574672222,3.857899,23.15142,-69.27662
21.592350960,3.037479,23.58869,-84.97046
21.612555504,2.016811,23.78435,-102.6956
21.632759571,1.081039,23.72823,-120.2946
21.652964115,0.2131429,23.47758,-138.0214
21.673167705,-0.4815167,22.99682,-155.9604
21.693372250,-0.972637,22.36911,-174.0317
21.713576794,-1.269627,21.59995,167.7846
21.733780861,-1.331235,20.78395,149.2362
21.753985405,-1.059511,20.00359,130.2261
21.774188995,-0.6092522,19.34456,110.9344
21.794393539,-0.02629172,18.83524,91.68002
21.814597607,0.7348341,18.42589,72.65302
21.832276821,1.500421,18.32712,56.286
21.852480888,2.207778,18.55388,38.02193
21.872685432,2.840238,18.92445,20.28985
21.892889023,3.401792,19.38029,2.695457
21.913093567,3.803578,20.00214,-15.17902
21.933297634,3.983466,20.75509,-33.50118
21.953502178,3.783726,21.44754,-51.8367
21.973706245,3.355821,22.05488,-70.23464
21.993910789,2.844015,22.51481,-88.88268
22.014114380,2.241464,22.85263,-107.8581
22.034318924,1.537816,23.02805,-127.2001
22.054523468,0.7593205,22.96012,-146.6801
22.072202205,0.1411666,22.72847,-163.6399
22.092405796,-0.4448007,22.27256,177.2532
22.112610817,-0.8904455,21.60352,158.6156
22.132814407,-1.125941,20.80997,140.3619
22.153018951,-0.9919165,20.04456,122.2342
22.173223495,-0.7582472,19.31235,104.5607
22.193427563,-0.1332514,18.64726,87.15067
22.213632107,0.5605089,18.12461,70.45087
22.233835697,1.377214,18.12059,54.02048
22.254040241,2.288788,18.15706,37.6743
22.274244308,3.093763,18.45063,21.36292
22.294448852,3.801137,18.9107,4.949652
22.314652920,4.357819,19.58251,-11.69206
22.332332134,4.683547,20.29274,-26.69797
22.352535724,4.664964,21.17016,-44.17056
22.372740269,4.281672,21.95292,-61.63924
22.392944336,3.686466,22.56857,-79.01114
22.413148880,2.951787,22.90939,-96.12453
22.433352947,2.220461,23.00481,-112.8806
22.453557491,1.538197,23.07475,-129.4825
22.473761082,0.9119101,22.89352,-146.1355
22.493965626,0.3890309,22.67562,-162.9094
22.514169693,0.03480599,22.30132,-179.8735
22.534374237,-0.2344772,21.8121,162.9073
22.554578781,-0.4545321,21.24079,145.4082
22.572257042,-0.4142172,20.74016,129.7566
22.592462063,-0.2335256,20.21357,111.6881
22.612665653,0.005830692,19.72699,93.59175
22.632869720,0.5113773,19.38861,75.43508
22.653074264,1.048186,19.17666,57.4682
22.673278809,1.576738,19.11399,39.80548
22.693482399,2.075671,19.18612,22.58815
22.713686943,2.567356,19.35827,5.687316
22.733891010,2.983467,19.66861,-11.26937
22.754095554,3.323424,20.12787,-28.5692
22.774299622,3.359657,20.58083,-45.82393
22.794504166,3.201074,21.01713,-62.8872
22.812182426,3.09,21.3602,-77.81553
22.832386970,2.867217,21.69231,-94.98804
22.852591038,2.587969,21.98666,-112.3334
22.872795582,2.204122,22.18509,-129.7692
22.892999649,1.779488,22.27509,-147.2359
22.913204193,1.350769,22.26037,-164.5831
22.933407783,0.9619327,22.12059,178.2464
22.953612328,0.5598832,21.83009,161.3874
22.973816395,0.242408,21.42582,144.7604
22.994020939,0.1655473,20.98328,128.1213
23.014224529,0.2265615,20.56143,111.438
23.034429073,0.3242022,20.1632,94.75256
23.054633617,0.6982496,19.75377,77.9856
23.072312355,1.009755,19.52941,63.53551
23.092516422,1.416353,19.51564,47.16752
23.112720966,1.893827,19.47906,30.78063
23.132924557,2.299242,19.59072,14.473
23.153129101,2.656983,19.77736,-1.830593
23.173333168,2.96039,20.05184,-18.20506
23.193537712,3.153116,20.4103,-34.77425
23.213742256,3.201632,20.80467,-51.57198
23.233946323,3.048589,21.15911,-68.48071
23.254150867,2.868954,21.51167,-85.51852
23.274354458,2.572398,21.75278,-102.4508
23.294559002,2.214685,21.90092,-119.1041
23.312237739,1.869429,21.8664,-133.4124
23.332441807,1.516012,21.8524,-149.4218
23.352646351,1.244588,21.70368,-165.069
23.372850895,1.196255,21.5403,179.3789
23.393054485,1.172063,21.38497,163.4036
23.413259029,1.106413,21.20197,147.0096
23.433463096,1.145466,21.05255,130.0693
23.453667641,1.186655,20.93097,112.6881
23.473871231,1.079072,20.7821,95.19495
23.494075775,1.144554,20.67076,77.69759
23.514279842,1.266664,20.51723,60.2765
23.534484386,1.327131,20.40343,43.4194
23.552163124,1.432394,20.38514,28.95687
23.572367668,1.710375,20.30548,12.32304
23.592571258,1.909761,20.35896,-4.469992
23.612775803,2.138879,20.46952,-21.76615
23.632979870,2.204344,20.63898,-39.26718
23.653184414,2.207731,20.82187,-57.02179
23.673388481,2.197084,21.05015,-75.26738
23.693593025,2.162785,21.28763,-94.10757
23.713796616,2.043214,21.54889,-113.4976
23.734001160,1.787771,21.75666,-133.3307
23.754205227,1.416001,21.89062,-153.2369
23.774409771,1.022291,21.89495,-172.8963
23.794613361,0.5784034,21.71937,167.9681
23.812292576,0.2348554,21.44378,151.6814
23.832496643,-0.04560393,20.97468,133.6274
23.852701187,-0.1233444,20.45912,116.198
23.872905254,0.05471824,19.72061,99.23495
23.893109798,0.2685025,19.49015,82.74702
23.913313389,0.6810901,19.17825,66.65633
23.933517933,1.156822,18.89696,51.14231
23.953722000,1.618334,18.78965,36.16402
23.973926544,2.134069,18.72313,21.60525
23.994130611,2.548094,18.75289,7.571845
24.014335155,3.110594,19.08956,-6.165445
24.034539699,3.76846,19.48976,-20.69296
24.052217960,4.194231,19.97134,-34.23237
24.072422027,4.404455,20.62901,-50.30489
24.092626571,4.344709,21.30722,-66.85136
24.112830639,4.078941,21.96175,-83.68678
24.133035183,3.539175,22.45684,-100.2947
24.153238773,2.98428,22.803,-116.7145
24.173443317,2.429576,23.02986,-133.2958
24.193647861,1.814115,23.12665,-150.2115
24.213851929,1.233675,23.11483,-167.518
24.234056473,0.5815466,22.92726,174.8815
24.254260063,0.05818985,22.58545,156.8964
24.274464607,-0.4708627,22.04475,138.7525
24.294668674,-0.744029,21.40301,120.4542
24.312347412,-0.8850083,20.79558,104.4955
24.332551956,-0.7429813,20.11706,86.32714
24.352755546,-0.3375909,19.52366,68.36042
24.372960090,0.191362,19.08127,50.66861
24.393164158,0.8469261,18.77551,33.24165
24.413368702,1.545073,18.65953,16.03606
24.433573246,2.199045,18.72548,-1.069449
24.453777313,2.906993,19.03498,-18.47053
24.473981857,3.45242,19.53345,-36.25845
24.494185448,3.710882,20.12493,-54.1974
24.514389992,3.768188,20.78317,-72.33749
24.534594059,3.582847,21.40213,-90.48983
24.552272320,3.401665,21.8889,-106.4441
24.572477341,3.002597,22.42449,-124.9255
24.592680931,2.456532,22.82857,-143.835
24.612885475,1.786425,23.08844,-163.1804
24.633090019,0.9940897,23.13501,177.1761
24.653294086,0.1670079,22.92781,157.2544
24.673498630,-0.5124714,22.45728,136.9093
24.693702221,-0.9712815,21.81311,116.1548
24.713906765,-1.271869,21.02644,95.31972
24.734110832,-1.232057,20.21621,74.65477
24.754315376,-0.8400096,19.49785,54.39831
24.774519443,-0.2728801,18.91549,34.75995
24.792197704,0.3303537,18.5715,18.07103
24.812402248,1.013221,18.32176,-0.4019891
24.832606316,1.780782,18.28677,-18.34886
24.852810860,2.609964,18.50749,-36.28075
24.873014927,3.245561,18.93536,-54.30568
24.893219471,3.616067,19.46703,-72.19459
24.913424015,3.93978,20.10942,-90.09718
24.933627605,4.106587,20.85481,-108.1888
24.953832149,3.994994,21.61292,-126.4066
24.974036217,3.608881,22.27887,-144.5981
24.994240761,3.044829,22.79273,-162.7088
25.014444351,2.366946,23.1438,179.1961
25.032123089,1.65089,23.23915,163.3981
25.052327633,0.7821661,23.09086,145.3613
25.072531700,0.1154615,22.75567,127.1111
25.092736244,-0.4687554,22.23836,108.7302
25.112939834,-0.8873895,21.5746,90.36516
25.133144378,-0.9939857,20.84638,72.186
25.153348923,-0.8356171,20.13147,54.32712
25.173552990,-0.5357479,19.45707,36.98095
25.193757534,-0.02963114,18.91431,20.10654
25.213961601,0.6339544,18.52495,3.546309
25.234166145,1.437282,18.33596,-13.11042
25.254369736,2.252975,18.40506,-30.006
25.274574280,2.915742,18.65423,-46.89346
25.292253017,3.363818,19.01553,-61.66641
25.312457084,3.882833,19.56452,-78.81954
25.332661629,4.204548,20.24778,-96.2046
25.352865219,4.317189,21.0111,-113.8239
25.373069763,4.117396,21.75258,-131.4536
25.393273830,3.657999,22.36087,-148.8751
25.413478374,3.0525,22.82102,-165.9768
25.433681965,2.434839,23.0695,177.2444
25.453886509,1.781126,23.15397,160.4359
25.474091053,1.032135,23.02205,143.4003
25.494295120,0.3712439,22.71988,126.2608
25.514499664,-0.1800529,22.24303,109.3478
25.532178402,-0.5796684,21.7002,94.7139
25.552381992,-0.7552351,21.00966,78.37853
25.572586536,-0.6434588,20.36042,62.325
25.592790604,-0.332801,19.75876,46.47059
25.612995148,0.1746503,19.28011,30.56283
25.633199215,0.8469636,18.96449,14.45775
25.653403759,1.587871,18.84379,-2.063047
25.673607349,2.304394,18.93743,-19.07651
25.693811893,2.914241,19.26815,-36.49017
25.714015961,3.322043,19.70931,-54.18666
25.734220505,3.453675,20.22409,-71.90866
25.754424095,3.468739,20.74823,-89.46706
25.774628639,3.379205,21.22655,-106.8165
25.792307377,3.174153,21.61617,-121.7794
25.812511921,2.825061,21.9353,-138.6117
25.832715988,2.432679,22.14293,-155.1575
25.852920532,2.108833,22.27988,-171.5795
25.873124123,1.764131,22.34139,171.8144
25.893328667,1.383136,22.29358,154.9199
25.913532734,0.9591724,22.12484,137.807
25.933737278,0.6152356,21.86658,120.4312
25.953941345,0.2830304,21.51388,103.0599
25.974145889,0.1143309,21.10106,85.79572
25.994349480,0.1694525,20.68893,68.63469
26.014554024,0.3420963,20.30616,51.56228
26.032232761,0.6237385,20.03327,36.59026
26.052437305,1.02946,19.83587,19.32641
26.072641372,1.429917,19.74603,1.821605
26.092845917,1.841887,19.7871,-15.97937
26.113049507,2.177479,19.94846,-34.0178
26.133254051,2.408566,20.18244,-52.25611
26.153458118,2.506083,20.48403,-70.71426
26.173662662,2.512336,20.80023,-89.38574
26.193866253,2.467642,21.12435,-108.0632
26.214070797,2.286669,21.38844,-126.4482
26.234274864,1.999751,21.55583,-144.4681
26.254479408,1.720908,21.62308,-162.1124
26.274683475,1.505382,21.62971,-179.4126
26.292361736,1.287631,21.5598,165.5717
26.312566280,1.127744,21.42723,148.3053
26.332770347,0.9040557,21.19165,131.2359
26.352974892,0.8571537,20.9536,114.1622
26.373179436,0.767915,20.68249,97.21396
26.393383503,0.8742039,20.44328,80.31091
26.413587093,1.087773,20.2376,63.58315
26.433791637,1.336208,20.08551,47.00845
26.453996181,1.649181,20.05033,30.41422
26.474200249,2.000038,20.08605,13.63741
26.494404793,2.253949,20.2156,-3.359534
26.514608383,2.471822,20.42327,-20.63997
26.532287121,2.564775,20.65696,-35.92969
26.552491665,2.489521,20.89467,-53.4301
26.572695732,2.231927,21.0808,-70.79498
26.592900276,2.068271,21.18975,-87.97044
26.613103866,1.916796,21.23048,-104.8239
26.633308411,1.802026,21.26354,-121.5371
26.653512478,1.698206,21.26156,-138.2026
26.673717022,1.67451,21.25243,-154.9798
26.693921089,1.706565,21.28069,-172.062
26.714125633,1.653756,21.32245,170.5206
26.734329224,1.579695,21.35992,152.6929
26.754533768,1.404132,21.32767,134.6121
26.772212505,1.309391,21.29089,118.5657
26.792417049,1.123044,21.19916,100.2036
26.812621117,0.9469593,21.04896,82.01995
26.832825661,0.8423138,20.85191,64.20545
26.853029251,0.895098,20.60279,46.61673
26.873233795,0.9380812,20.44022,29.71341
26.893437862,1.112519,20.27406,12.98546
26.913642406,1.313685,20.11193,-3.687963
26.933845997,1.579369,20.06234,-20.48162
26.954050541,1.864689,20.09015,-37.53666
26.974254608,2.010895,20.14259,-54.5654
26.994459152,2.185203,20.27966,-71.80858
27.014663219,2.352016,20.45685,-89.34492
27.032341480,2.497394,20.68381,-104.9439
27.052546024,2.574332,21.01361,-123.0797
27.072750091,2.502099,21.32513,-141.425
27.092954635,2.348747,21.65042,-159.9287
27.113158703,2.090826,21.92387,-178.615
27.133363247,1.699462,22.09736,162.4832
27.153566837,1.215006,22.11753,143.2829
27.173771381,0.7682502,22.02753,123.6827
27.193975448,0.3308569,21.79634,103.9034
27.214179992,0.008728435,21.44553,84.13087
27.234383583,-0.1214264,21.03681,64.52108
27.254588127,-0.1530539,20.58774,45.40086
27.272266865,-0.02401341,20.19544,29.01797
27.292471409,0.2481888,19.77623,10.74054
27.312675476,0.5618606,19.44235,-7.130929
27.332879066,1.02693,19.22199,-24.73643
27.353083610,1.506188,19.13908,-42.25343
27.373288154,1.959338,19.18944,-59.74834
27.393492222,2.315796,19.23469,-76.95346
27.413696766,2.654444,19.48297,-93.94653
27.433900833,3.028551,19.83099,-110.5126
27.454105377,3.32998,20.23945,-127.0721
27.474308967,3.480295,20.69457,-143.729
27.494513512,3.539744,21.21339,-160.4918
27.512192249,3.558608,21.70867,-175.5182
27.532396316,3.325407,22.27797,166.6708
27.552600860,2.771808,22.77083,148.1996
27.572804451,2.075609,23.07011,129.161
27.593008995,1.272162,23.15023,109.8222
27.613213062,0.3359381,22.92534,90.48447
27.633417606,-0.3083292,22.50364,71.13177
27.653621197,-0.7460943,21.92506,51.95957
27.673825741,-0.9819793,21.21851,33.05252
27.694029808,-0.9799881,20.48903,14.43846
27.714234352,-0.7451742,19.78625,-3.970242
27.734438419,-0.2634399,19.21224,-22.39902
27.754642963,0.3467951,18.82154,-40.98805
27.772321224,0.9556482,18.62515,-57.31955
27.792525291,1.633395,18.5835,-75.92086
27.812729835,2.297322,18.74734,-94.43574
27.832933903,2.895361,19.08426,-112.5904
27.853138447,3.343702,19.55706,-130.3174
27.873342037,3.595813,20.07845,-147.6199
27.893546581,3.725182,20.63345,-164.5224
27.913750648,3.712152,21.19713,178.8453
27.933955193,3.528368,21.69644,162.2706
27.954158783,3.136144,22.09469,145.7051
27.974363327,2.772892,22.42743,128.7903
27.994567394,2.24186,22.6648,111.5728
28.012246609,1.664317,22.72574,96.36256
28.032450676,1.087875,22.65477,78.86047
28.052655220,0.6017613,22.43193,61.36996
28.072858810,0.1753945,22.07368,44.00255
28.093063354,-0.1248324,21.62022,26.77054
28.113267422,-0.2567935,21.08924,9.731697
28.133471966,-0.2472969,20.54186,-7.125078
28.153676033,-0.0717715,20.01929,-23.92691
28.173879623,0.2302943,19.56905,-40.6776
28.194084167,0.6568354,19.2284,-57.49302
28.214288235,1.204926,19.03253,-74.53209
28.234492779,1.870271,19.02024,-91.93855
28.252171516,2.469264,19.19615,-107.5023
28.272376060,2.975796,19.58296,-125.5414
28.292579651,3.292158,20.07112,-143.44
28.312784195,3.415642,20.58355,-160.9986
28.332988262,3.39068,21.0885,-178.1608
28.353192806,3.176641,21.48739,165.1729
28.373396396,2.992431,21.87398,148.3566
28.393600941,2.598282,22.14797,131.3158
28.413805008,2.202363,22.34303,114.1028
28.434009552,1.631332,22.36939,96.84132
28.454213619,1.173491,22.2869,79.57161
28.474418163,0.787794,22.02559,62.20068
28.494621754,0.4844829,21.81395,45.0268
28.562810898,0.3548121,20.65897,-14.89385
28.572913647,0.4525164,20.51666,-24.11989
28.593117237,0.5719066,20.24482,-42.66292
28.613321781,0.7790247,20.03445,-61.40661
28.633525848,0.9522414,19.83541,-79.88548
28.653730392,1.195824,19.67623,-97.99078
28.673933983,1.563314,19.6379,-115.777
28.694138527,1.931994,19.67449,-133.2613
28.714342594,2.294961,19.83189,-150.5372
28.734547138,2.696003,20.11776,-167.8509
28.752225876,2.959446,20.44792,176.8048
28.772429466,3.048431,20.86973,159.1665
28.792634010,2.983256,21.28531,141.3102
28.812838078,2.783461,21.67384,123.135
28.833042622,2.404706,21.99307,104.7701
28.853246689,1.926231,22.18165,86.34103
28.873451233,1.486404,22.26166,67.89227
28.893654823,1.077036,22.2091,49.41127
28.913859367,0.6837869,22.02596,31.02836
28.934063435,0.3618625,21.72979,12.70427
28.954267979,0.1079016,21.32825,-5.619606
28.974471569,0.03098792,20.92704,-24.10447
28.992150307,0.05320757,20.57729,-40.47498
29.012354851,0.1756966,20.18256,-59.29907
29.032558918,0.3830691,19.82069,-78.15163
29.052763462,0.7459427,19.5669,-97.00537
29.072967052,1.183612,19.42805,-115.6033
29.093171596,1.676016,19.43472,-133.9612
29.113375664,2.124647,19.56469,-152.0898
29.133580208,2.569761,19.85997,-170.1419
29.153784275,2.862788,20.25851,171.7754
29.173988819,3.013632,20.70824,153.5771
29.194192409,2.931786,21.1261,135.2978
29.214396953,2.826812,21.57345,116.68
29.234601021,2.407544,21.89356,98.0145
29.252279758,2.009881,22.06927,81.79874
29.272484302,1.588344,22.15128,63.32317
29.292687893,1.133746,22.08995,45.10501
29.312892437,0.6850691,21.9041,27.41671
29.333096504,0.401433,21.58236,9.996589
29.353301048,0.2353884,21.19827,-7.311643
29.373504639,0.2250612,20.82149,-24.74938
29.393709183,0.291476,20.44288,-42.34102
29.413913250,0.4403849,20.08525,-59.98875
29.434117794,0.6906343,19.79548,-77.77663
29.454321861,1.084193,19.58978,-95.68312
29.474526405,1.55314,19.54195,-113.5668
29.492204666,1.958222,19.6061,-129.2109
29.512408733,2.343985,19.79225,-147.0052
29.532613277,2.687968,20.0812,-164.68
29.552817345,2.974037,20.49403,177.5683
29.573021889,3.008666,20.92709,159.7336
29.593225479,2.866382,21.33407,141.76
29.613430023,2.643521,21.68233,123.5909
29.633634090,2.293925,21.97012,105.2486
29.653838634,1.754851,22.09917,86.89767
29.674042225,1.308386,22.11388,68.64581
29.694246769,0.9175102,21.98573,50.69078
29.714450836,0.5384639,21.6995,33.18787
29.732129574,0.3541393,21.4027,18.12247
29.752334118,0.2856061,21.02297,0.9664834
29.772537708,0.3268098,20.65874,-16.37923
29.792742252,0.475381,20.32788,-33.92502
29.812946320,0.6252756,20.00002,-51.39661
29.833150864,0.8180847,19.74999,-68.90591
29.853354931,1.247187,19.62407,-86.65507
29.873558521,1.6988,19.5979,-104.4804
29.893763065,2.106842,19.71069,-122.3188
29.913967133,2.380119,19.89478,-139.8752
29.934171677,2.595308,20.12828,-156.9967
29.954375267,2.719717,20.40057,-173.6383
29.974579811,2.80665,20.65315,170.2442
29.992258549,2.87529,20.91464,155.9916
30.012462616,2.806149,21.17228,139.6373
30.032667160,2.66767,21.39418,123.3646
30.052871704,2.431979,21.54269,107.1977
30.073075294,2.076687,21.60676,91.2187
30.093279362,1.833096,21.61003,75.43994
30.113483906,1.636281,21.55414,59.9613
30.133687973,1.485317,21.45136,44.67218
30.153892517,1.424389,21.32728,29.38015
30.174096107,1.437661,21.21123,13.86154
30.194300651,1.434802,21.09996,-1.954512
30.214504719,1.436217,20.98708,-18.03389
30.232183456,1.485877,20.92534,-32.36375
30.252388000,1.494826,20.84498,-49.05134
30.272591591,1.408896,20.77778,-65.9898
30.292796135,1.503763,20.72939,-83.28289
30.313000202,1.555114,20.69268,-100.6302
30.333204746,1.604581,20.6761,-117.9471
30.353408336,1.596321,20.64752,-135.0009
30.373612881,1.599346,20.59307,-151.5943
30.393816948,1.638546,20.53093,-167.6931
30.414021492,1.770387,20.47545,176.7073
30.434225559,1.99401,20.50616,161.0569
30.454430103,2.117034,20.54435,145.1136
30.474633694,2.302211,20.65063,128.8215
30.492312431,2.426256,20.80563,114.3248
30.512516975,2.34613,20.95594,97.67904
30.532721043,2.271921,21.10641,81.04799
30.552925587,2.173064,21.22378,64.5531
30.573129177,2.058471,21.31476,48.27634
30.593333721,2.01535,21.39194,31.92051
30.613537788,1.955801,21.44938,15.30699
30.633741379,1.805513,21.47864,-1.565098
30.653945923,1.580464,21.46395,-18.51201
30.674149990,1.411359,21.41364,-35.59525
30.694354534,1.199008,21.29488,-52.79717
30.714558601,1.032662,21.15977,-70.24216
30.732236862,0.9694851,21.02309,-85.84483
30.752441406,0.986925,20.86907,-103.9479
30.772645473,0.9499249,20.70082,-121.795
30.792850017,0.976132,20.49683,-139.1893
30.813054085,1.05251,20.31002,-156.0942
30.833258629,1.208642,20.14815,-172.5043
30.853462219,1.296724,19.98536,171.7722
30.873666763,1.535805,19.85412,156.7215
30.893870831,2.111989,19.90096,140.9703
30.914075375,2.451994,20.03997,124.6344
30.934278965,2.680391,20.24045,108.2193
30.954483509,2.80728,20.52905,91.63007
30.972162247,2.903651,20.81171,76.97023
30.992366314,2.920917,21.14807,60.23557
31.012570858,2.833271,21.46722,43.56112
31.032774448,2.690971,21.76283,26.6969
31.052978992,2.413887,21.99916,9.599338
31.073183059,2.039327,22.15493,-7.775214
31.093387604,1.668398,22.26317,-25.56095
31.113591671,1.208444,22.23718,-43.77596
31.133795261,0.6949208,22.06952,-62.21152
31.153999805,0.2686027,21.74461,-80.69157
31.174203872,-0.01548604,21.32119,-99.07243
31.194408417,-0.1169221,20.84638,-117.1836
31.214612484,-0.08235522,20.35542,-134.857
31.232290745,0.08354885,19.94572,-149.9269
31.252495289,0.3900692,19.53609,-166.6765
31.272699356,0.7149234,19.22166,177.2922
31.292903900,1.265601,19.04591,161.5777
31.313107490,1.964141,18.98914,145.515
31.333312034,2.523542,19.09033,129.6261
31.353516102,3.005733,19.28842,113.84
31.373720646,3.431846,19.6359,98.00525
31.393924713,3.735566,20.08531,82.05888
31.414129257,4.007531,20.65968,65.89024
31.434332847,4.099045,21.28019,49.42017
31.454536915,3.98427,21.92495,32.53089
31.472216129,3.665831,22.43529,17.5013
31.492420196,3.088198,22.89839,0.1161906
31.512624740,2.390683,23.21651,-17.61142
31.532828331,1.598845,23.35967,-35.77943
31.553032398,0.6999787,23.22247,-54.16573
31.573236942,-0.1675063,22.8284,-72.61745
31.593440533,-0.7684551,22.22166,-91.12019
31.613645077,-1.087674,21.49691,-109.624
31.633849144,-1.168349,20.72322,-127.8624
31.654053688,-1.001423,19.94216,-145.6692
31.674257755,-0.5878037,19.26474,-163.0086
31.694462299,0.03903017,18.72081,-179.8156
31.712140560,0.7123668,18.41549,165.6544
31.732344627,1.541302,18.27846,148.8181
31.752549171,2.415125,18.37676,131.7663
31.772753239,3.207963,18.69816,114.5642
31.792957783,3.840736,19.26848,97.04603
31.813161373,4.225241,19.98077,79.34393
31.833365440,4.472296,20.8372,61.34618
31.853569984,4.35375,21.69205,43.2591
31.873773575,4.004056,22.51195,24.86106
31.893978119,3.334466,23.19154,6.075631
31.914182186,2.458517,23.6677,-13.28458
31.934386730,1.405408,23.88689,-33.23275
31.954590797,0.1959276,23.71345,-53.42054
31.972269058,-0.8436481,23.25421,-71.07023
31.992473602,-1.676051,22.42574,-91.15375
32.012677669,-2.063206,21.40318,-110.9059
32.032882213,-2.056053,20.33638,-130.2027
32.053086281,-1.652141,19.34281,-149.1074
32.073290825,-0.9204684,18.53629,-167.6217
32.093494415,-0.02666521,17.98905,174.2142
32.113698482,0.9620526,17.72746,156.0737
32.133903026,2.079961,17.73429,137.8979
32.154106617,2.990964,18.00569,119.9187
32.174311161,3.823027,18.60294,102.0072
32.194515228,4.303568,19.34166,84.30875
32.212193966,4.613639,20.03544,68.81592
32.232398510,4.65886,20.90061,51.69145
32.252602100,4.479029,21.69699,34.91703
32.272806644,4.184347,22.41285,17.98426
32.293010712,3.627243,23.06211,0.6276172
32.313215256,2.939025,23.57025,-17.53614
32.333419323,1.956851,23.86604,-36.19095
32.353623867,0.8588989,23.84438,-55.24541
32.373827457,-0.2753806,23.48236,-74.41419
32.394031525,-1.135513,22.80851,-93.64008
32.414236069,-1.652967,21.94283,-112.8175
32.434440136,-1.894428,20.9468,-131.613
32.454644680,-1.77169,19.96118,-149.9511
32.472322941,-1.374852,19.1772,-165.5742
32.492527008,-0.7074106,18.44754,177.1022
32.512731552,0.1588777,17.94365,160.0255
32.532935142,1.110396,17.66958,143.0961
32.553139686,2.124848,17.63382,126.3934
32.573343754,3.060926,17.85212,109.8835
32.593548298,3.879009,18.33287,93.34399
32.613752365,4.537267,19.02942,76.77383
32.633955955,5.032661,19.89233,60.14364
32.654160499,5.228252,20.83145,43.43608
32.674364567,5.153607,21.81306,26.4366
32.694569111,4.768874,22.75504,9.029173
32.712247848,4.099081,23.45111,-6.506364
32.732451439,3.137783,24.04825,-24.61576
32.752655983,1.925371,24.32611,-42.92325
32.772860050,0.6597298,24.22586,-61.30474
32.793064594,-0.5238141,23.76089,-79.60907
32.813268185,-1.400067,22.99549,-97.83307
32.833472729,-1.953681,22.03218,-115.8881
32.853676796,-2.121606,20.98083,-133.7155
32.873881340,-1.91188,19.95059,-151.436
32.894085407,-1.388762,19.03467,-168.9281
32.914288998,-0.7424008,18.29463,174.0914
32.934493542,0.131421,17.75294,157.5304
32.952172279,0.9559746,17.4451,143.3944
32.972376347,1.984403,17.34204,127.448
32.992580891,3.026648,17.51483,111.5357
33.012784481,3.975348,17.9881,95.49169
33.032989025,4.75316,18.70539,79.25777
33.053193092,5.293108,19.60589,62.98468
33.073397636,5.55719,20.57714,46.72467
33.093601227,5.487262,21.52516,30.52123
33.113805294,5.135155,22.4429,14.44526
33.134009838,4.578868,23.23373,-1.908993
33.154213905,3.870915,23.96303,-19.08519
33.174418449,2.831075,24.48324,-37.21857
33.194622040,1.508831,24.66582,-55.88485
33.212300777,0.2576658,24.51307,-72.60525
33.232505321,-1.018595,23.95202,-91.95502
33.252709389,-1.932692,23.05368,-111.2948
33.272913933,-2.514182,21.93676,-130.3434
33.293117523,-2.667852,20.69732,-148.9692
33.313322067,-2.333761,19.53797,-167.2202
33.333526134,-1.627174,18.54198,174.7544
33.353729725,-0.6139851,17.7901,156.5643
33.373934269,0.4896173,17.34029,138.3797
33.394138336,1.725607,17.24483,120.1025
33.414342880,2.907079,17.53389,101.7675
33.434546947,3.816021,18.10734,83.67173
33.452225208,4.563838,18.62601,67.97376
33.472429752,5.000722,19.58757,50.47995
33.492633819,5.130356,20.69776,33.44208
33.512838364,5.073822,21.62165,16.3717
33.533042431,4.661495,22.51505,-0.8116052
33.553246021,4.02689,23.27777,-18.42361
33.573450565,3.13323,23.87034,-36.48262
33.593654632,1.980813,24.14139,-54.88246
33.613859177,0.6742573,24.05962,-73.37603
33.634062767,-0.4551434,23.61044,-91.70122
33.654267788,-1.288095,22.87852,-109.5898
33.674471378,-1.782381,21.96214,-127.1127
33.692150116,-1.959118,21.09913,-142.2016
33.712354660,-1.784254,20.12541,-159.2971
33.732558250,-1.244298,19.26215,-176.472
33.752762318,-0.5563307,18.5891,166.2943
33.772966862,0.3141944,18.13543,148.9135
33.793170929,1.298818,17.93776,131.2621
33.813375473,2.306638,18.04614,113.3936
33.833579063,3.121843,18.41383,95.49489
33.853783607,3.802214,18.99959,77.62468
33.873987675,4.255202,19.74244,59.98794
33.894191742,4.515597,20.29823,42.60481
33.914396286,4.399641,21.25193,25.97531
33.934599876,4.038514,21.88829,9.560372
33.952278614,3.614309,22.28514,-4.468014
33.972483158,2.930303,22.58437,-19.96345
33.992686749,2.299553,22.70477,-35.14561
34.012891292,1.58474,22.58492,-49.74998
34.033095360,0.9886345,22.34581,-63.99189
34.053299904,0.4510908,21.91577,-77.74056
34.073503971,0.09545922,21.42054,-91.06339
34.093707561,0.147991,20.90915,-104.2135
34.113912105,0.3521656,20.47206,-117.6182
34.134116173,0.6832416,20.12735,-131.3841
34.154320717,1.096594,19.83688,-145.5462
34.174524784,1.629872,19.71337,-160.1663
34.192203045,2.122988,19.71468,-173.379
34.212407589,2.564314,19.86204,171.1269
34.232611656,2.907663,20.12047,155.3236
34.252815246,3.191857,20.46854,139.1156
34.273019790,3.275644,20.83243,122.8111
34.293223858,3.260488,21.21181,106.367
34.313428402,2.950269,21.52239,90.07544
34.333632946,2.613385,21.54596,73.90794
34.353837013,2.134632,21.93818,58.46175
34.374040603,1.778063,22.03355,43.64283
34.394244671,1.578088,21.87102,28.81302
34.414449215,1.473229,21.80245,13.59236
34.432127952,1.382916,21.69895,-0.1710863
34.452331543,1.329884,21.59222,-16.49778
34.472536087,1.25735,21.5292,-33.5619
34.492740154,1.030156,21.40457,-51.17945
34.512944698,0.8220004,21.24907,-68.77721
34.533148289,0.5169949,20.82924,-86.04942
34.553352833,0.4474554,20.59996,-102.8558
34.573556900,0.5377767,20.27155,-119.0756
34.593760967,0.8719341,20.0074,-135.2454
34.613965511,1.373446,19.84684,-151.8711
34.634169102,1.934783,19.90951,-169.101
34.654373646,2.349209,20.16774,172.9037
34.674577713,2.654733,20.55692,154.1665
34.692256451,2.653161,20.91749,137.5499
34.712460995,2.550036,21.30535,118.4044
34.732664585,2.239117,21.60026,99.43524
34.752868652,1.791179,21.75676,80.85239
34.773073196,1.380392,21.736,62.85216
34.793276787,1.070231,21.63449,45.36713
34.813481331,0.7839053,21.38792,28.45223
34.833685398,0.5889243,21.08554,12.05512
34.853889465,0.4520998,20.69179,-3.780776
34.874094009,0.5690606,20.32496,-19.29386
34.894297600,0.9104359,20.04796,-35.07618
34.914502144,1.206756,19.85194,-51.27984
34.932180881,1.444468,19.75947,-65.69834
34.952384949,1.797086,19.73907,-82.36248
34.972589493,2.242831,19.84336,-99.41769
34.992793083,2.688152,20.1317,-117.0796
35.012997627,2.973341,20.57883,-135.3624
35.033201694,3.077632,21.10553,-154.193
35.053405285,2.960597,21.66771,-173.3409
35.073609829,2.527851,22.1617,167.3865
35.093813896,1.959311,22.46914,147.8943
35.114018440,1.301401,22.56538,128.2404
35.134222507,0.6698734,22.45669,108.549
35.154426098,0.05182742,22.14751,88.95834
35.172105312,-0.3072795,21.74406,71.93727
35.192309379,-0.4821947,21.22371,52.63162
35.212513447,-0.5564933,20.64471,33.74247
35.232717991,-0.4208323,20.06553,15.23915
35.252921581,-0.1985259,19.53447,-2.776892
35.273126125,0.1600303,19.10799,-20.31466
35.293330192,0.5169268,18.78039,-37.19385
35.313533783,0.8684818,18.52044,-53.35848
35.333738327,1.317498,18.33187,-68.84832
35.353942394,1.872363,18.2215,-83.67519
35.374146938,2.391879,18.22749,-97.79929
35.394351005,2.907208,18.32241,-111.2733
35.414554596,3.389632,18.51082,-124.2116
35.432233810,3.755163,18.70919,-135.1665
35.452437878,4.114766,18.96396,-147.3053
35.472641945,4.40658,19.26548,-159.0407
35.492846489,4.662292,19.59531,-170.381
35.513050079,4.878979,19.95938,178.6028
35.533254623,4.977828,20.33063,167.7989
35.553458691,4.731649,20.53785,157.3231
35.573662281,4.42831,20.82565,147.2768
35.593867302,4.207066,21.00695,137.6448
35.614070892,3.883457,21.1519,128.633
35.634275436,3.538047,21.21431,120.1437
35.654479504,3.161641,21.28483,112.1921
35.672157764,2.81847,21.29814,105.6783
35.692362308,2.268959,21.28128,98.80032
35.712566376,1.857705,21.27155,92.3685
35.732770443,1.449337,21.27856,86.44563
35.752974987,1.036818,21.24616,81.06288
35.773178577,0.644448,21.2268,76.21047
35.793383121,0.253395,21.21627,71.87642
35.813587189,-0.1351261,21.2116,68.06866
35.833791256,-0.4730375,21.22581,64.70349
35.853995800,-0.8202319,21.21069,61.79039
35.874199390,-0.911383,21.24534,62.97132
35.894403934,-0.2312996,21.14829,54.77413
35.912082672,-0.06288218,21.01197,46.43045
35.932286262,1.143713,20.98358,37.60648
35.952490330,1.595325,20.73372,26.00577
35.972694874,2.140981,20.6774,13.64364
35.992898941,2.267901,20.3863,0.5106881
36.013103485,2.350551,20.15686,-13.1513
36.033307075,2.37666,20.1187,-26.87516
36.053511619,2.276623,20.02428,-40.98573
36.073715687,2.104566,19.91377,-54.48893
36.093919754,2.100308,19.86801,-68.07243
36.114124298,2.054254,19.94629,-81.62021
36.134327888,2.118839,20.05546,-95.08658
36.154532432,2.409196,20.17966,-108.9109
36.172211170,2.695158,20.34725,-121.6214
36.192414760,3.031908,20.60182,-136.9781
36.212618828,3.069582,20.91925,-153.0707
36.232823372,2.996521,21.25531,-169.5415
36.253027439,2.788823,21.5732,173.8765
36.273231983,2.490571,21.80114,156.9711
36.293435573,2.007245,21.93099,139.8314
36.313639641,1.483125,21.87904,122.6764
36.333844185,1.024028,21.69374,105.7292
36.354048252,0.6667689,21.38017,88.94254
36.374252796,0.4893064,21.03958,72.10696
36.394456386,0.4440846,20.67096,55.16376
36.412135124,0.5244862,20.37468,40.32446
36.432338714,0.6787114,20.05032,23.24797
36.452543259,0.9158514,19.79697,6.053633
36.472747326,1.122541,19.58783,-11.02257
36.492951870,1.432506,19.4673,-28.02783
36.513155937,1.699871,19.40782,-44.92862
36.533359527,1.893586,19.38603,-61.56963
36.553564072,2.052608,19.26,-77.9314
36.573768139,2.297191,19.22203,-94.10211
36.593972683,2.623923,19.52019,-109.9999
36.614176750,2.935286,19.78268,-125.998
36.634380340,3.130132,19.98886,-142.1553
36.652059078,3.270023,20.37309,-156.3589
36.672263622,3.42246,20.86062,-172.9548
36.692467213,3.351832,21.36969,169.9452
36.712671757,3.054572,21.8296,152.3304
36.732875824,2.533832,22.16104,134.3328
36.753079891,1.980463,22.3605,115.9791
36.773284435,1.308317,22.36144,97.52796
36.793488026,0.6382316,22.15751,79.06462
36.813692570,0.1107271,21.80325,60.6484
36.833896637,-0.1859873,21.31752,42.45888
36.854100704,-0.3762127,20.72314,24.53181
36.874305248,-0.3660506,20.18253,6.957692
36.894508839,-0.1473794,19.61601,-10.57029
36.912187576,0.2102702,19.23411,-25.99206
36.932392120,0.6983578,18.90906,-43.78171
36.952595711,1.141174,18.69625,-61.46278
36.972799778,1.566945,18.59693,-78.7891
36.993004322,2.061921,18.4827,-95.85854
37.013208389,2.64642,18.72071,-112.5601
37.033412933,3.185776,19.09884,-129.2335
37.053616524,3.62978,19.55944,-146.0478
37.073820591,3.926659,20.1495,-163.0019
37.094025135,4.05111,20.82505,179.8621
37.114229202,3.93068,21.49822,162.3709
37.134433746,3.491782,22.10434,144.4753
37.152112007,3.015561,22.53934,128.3923
37.172316074,2.266034,22.86884,109.7415
37.192519665,1.354027,22.92045,91.06001
37.212724209,0.5099673,22.73122,72.46132
37.232928276,-0.1631542,22.32166,54.13807
37.253132820,-0.6896654,21.71615,36.33554
37.273336887,-1.019543,20.9733,19.14918
37.293540478,-1.125575,20.16846,2.612568
37.313745022,-0.939861,19.38559,-13.4015
37.333949089,-0.4374386,18.7159,-29.3266
37.354153633,0.1776439,18.19134,-45.21558
37.374357700,0.8198289,17.81243,-60.90431
37.394561291,1.603819,17.6254,-76.54881
37.412240028,2.410483,17.66216,-90.43948
37.432444572,3.345557,17.96034,-106.5643
37.452648163,4.186205,18.51315,-123.0394
37.472852707,4.784106,19.28744,-139.8447
37.493056774,5.098555,20.19201,-156.8378
37.513260841,5.096352,21.14516,-173.82
37.533465385,4.748818,21.99461,169.4014
37.553668976,4.125493,22.64645,152.9009
37.573873043,3.338014,23.06342,136.6389
37.594077587,2.479754,23.25103,120.5038
37.614281654,1.662391,23.23726,104.5425
37.634486198,0.8137421,22.89645,88.90179
37.652164459,0.2824157,22.44611,75.37359
37.672368526,-0.2009593,21.9277,60.20712
37.692572117,-0.4167174,21.44319,45.22252
37.712776661,-0.4992445,20.81962,30.24151
37.732980728,-0.3374396,20.23902,15.08091
37.753185272,-0.06374027,19.67412,-0.2630614
37.773389339,0.3671202,19.24065,-15.87286
37.793592930,0.9298823,18.9427,-31.83827
37.813797474,1.414963,18.75553,-47.94709
37.834001541,1.919367,18.71022,-64.17507
37.854205608,2.392913,18.77624,-80.3927
37.874410152,2.840514,18.96645,-96.5026
37.894613743,3.207117,19.24047,-112.2853
37.912292480,3.454304,19.52795,-125.7352
37.932497025,3.698235,19.88049,-140.8301
37.952700615,3.919488,20.3178,-155.9792
37.972904682,4.054467,20.83059,-171.3769
37.993109226,3.964143,21.35075,173.0599
38.013313293,3.729378,21.82371,157.3422
38.033517837,3.302937,22.21048,141.4346
38.053721428,2.814282,22.46868,125.33
38.073925495,2.222644,22.59033,109.1989
38.094130039,1.563853,22.53099,93.22221
38.114334106,1.009769,22.32645,77.31678
38.134537697,0.5969104,22.01713,61.49315
38.152216434,0.3120551,21.67297,47.83117
38.172420978,0.08457036,21.18485,32.52699
38.192624569,-0.01575748,20.66049,17.45695
38.212829113,-0.02117894,20.1163,2.749414
38.233033180,0.03241769,19.5866,-11.44201
38.253237247,0.1874872,19.08253,-25.08319
38.273441791,0.4636915,18.62451,-38.21328
38.293645382,0.8941299,18.18228,-50.92008
38.313849449,1.391834,17.93904,-63.34684
38.334053993,1.898486,17.74855,-75.74508
38.354258060,2.563894,17.70895,-88.11146
38.374462604,3.441725,17.85207,-100.7674
38.392140865,4.214406,18.17362,-112.3094
38.412344932,5.019322,18.7361,-126.0798
38.432548523,5.598691,19.51222,-140.5099
38.452753067,5.848698,20.38448,-155.3346
38.472957134,5.808972,21.21507,-170.1953
38.493161201,5.50964,22.07263,175.1607
38.513365745,5.046798,22.8179,160.4493
38.533569336,4.348392,23.39902,145.5357
38.553773880,3.569235,23.82477,130.3049
38.573977947,2.708171,24.07058,114.7369
38.594182014,1.686627,24.07086,98.95564
38.614386558,0.6890271,23.82088,83.09884
38.634590149,-0.1905735,23.33938,67.31518
38.652268886,-0.811774,22.762,53.69738
38.672472477,-1.203743,21.99337,38.3745
38.692677021,-1.43713,21.11318,23.25709
38.712881088,-1.350204,20.26251,8.214394
38.733085632,-1.077896,19.43184,-6.796932
38.753289699,-0.5751672,18.73412,-21.87711
38.773493290,0.01589637,18.16128,-36.91182
38.793697834,0.6260589,17.71565,-51.5923
38.813901901,1.209718,17.38914,-65.70545
38.834105968,1.860896,17.17816,-79.3924
38.854310513,2.550086,17.15004,-92.68812
38.874514103,3.260926,17.25107,-105.577
38.892192841,3.816508,17.43446,-116.479
38.912397385,4.449807,17.73758,-128.5983
38.932600975,5.03543,18.17121,-140.5891
38.952805042,5.466441,18.871,-152.5396
38.973009586,5.837764,19.45203,-164.3736
38.993213654,5.975286,20.05382,-176.0217
39.013417244,5.818802,20.61939,172.7737
39.033621788,5.492239,21.06759,162.1729
39.053825855,5.237666,21.45714,152.3418
39.074029922,4.634836,21.66813,143.2566
39.094234466,4.193402,21.74272,134.9055
39.114438057,3.881479,21.82832,126.7145
39.132116794,3.574503,21.93324,119.8264
39.152321338,3.184927,21.97211,112.2573
39.172524929,2.734342,22.02768,105.0016
39.192728996,2.171055,22.01263,98.20551
39.212933540,1.487698,21.9907,92.08136
39.233137607,0.777172,21.93314,86.79768
39.253341198,0.08929959,21.87226,82.4385
39.273545742,-0.5674647,21.7851,79.01211
39.293749809,-1.171557,21.71843,76.45789
39.313954353,-1.747408,21.66368,74.74841
39.334158420,-2.273527,21.60754,73.87753
39.354362011,-2.532431,21.59644,73.78622
39.374566555,-2.548449,21.66185,74.00004
39.392245293,-2.575902,21.69383,74.28939
39.412448883,-2.576475,21.74736,74.74635
39.432652950,-2.478236,21.81634,75.25895
39.452857494,-2.281146,21.89869,75.65697
39.473061561,-2.089106,21.9787,75.80337
39.493265152,-2.109062,22.0269,75.7868
39.513469696,-2.081451,22.06778,75.79049
39.533673763,-2.036269,22.12661,75.82286
39.553878307,-2.022974,22.18072,75.82683
39.574082374,-1.985477,22.22698,75.8419
39.594285965,-1.959811,22.26464,75.85071
39.614490509,-1.942356,22.30415,75.85467
39.632169247,-1.918019,22.34308,75.86216
39.652372837,-1.896288,22.38403,75.86684
39.672576904,-1.878748,22.42399,75.8708
39.692781448,-1.861799,22.46193,75.87518
39.712985516,-1.8409,22.49937,75.88068
39.733189106,-1.82083,22.5361,75.88747
39.753393650,-1.79821,22.57376,75.89543
39.773597717,-1.780298,22.60675,75.9006
39.793801784,-1.759382,22.64209,75.90834
39.814006329,-1.74166,22.67197,75.91499
39.834209919,-1.723909,22.70921,75.92065
39.854414463,-1.701801,22.74346,75.92909
39.872093201,-1.683717,22.77387,75.93139
39.892296791,-1.665726,22.80129,75.92867
39.912500858,-1.653072,22.82859,75.92352
39.932705402,-1.636642,22.85888,75.91911
39.952909470,-1.63002,22.88858,75.91212
39.973113060,-1.61434,22.91679,75.91793
39.993317604,-1.599758,22.94309,75.92491
40.013521671,-1.578269,22.97663,75.93459
40.033725738,-1.556654,23.00832,75.94394
40.053930282,-1.549342,23.04469,75.94456
40.074133873,-1.556496,23.07369,75.95313
40.094337940,-1.581886,23.11345,76.00502
40.114542484,-1.507602,23.1513,76.13956
40.132220745,-1.467431,23.19239,76.24352
40.152424812,-1.420727,23.23678,76.37483
40.172629356,-1.373716,23.26787,76.49918
40.192833423,-1.334064,23.30751,76.61314
40.213037014,-1.293941,23.33894,76.7158
40.233241558,-1.247902,23.37331,76.80646
40.253445625,-1.206427,23.39577,76.87296
40.273649692,-1.177971,23.41968,76.91205
40.293854236,-1.15573,23.4406,76.93265
40.314057827,-1.142404,23.46234,76.94142
40.334261894,-1.129963,23.48277,76.9475
40.354466438,-1.118017,23.50289,76.95341
40.372144699,-1.108772,23.51899,76.95859
40.392348766,-1.096709,23.53734,76.96549
40.412552833,-1.083978,23.55586,76.97133
40.432757377,-1.070231,23.57302,76.97791
40.452960968,-1.060883,23.58706,76.98251
40.473165035,-1.052216,23.60703,76.98614
40.493369579,-1.041168,23.62321,76.99035
40.513573646,-1.030878,23.63704,76.99393
40.533777237,-1.019536,23.65313,76.9987
40.553981781,-1.013237,23.67095,77.00085
40.574185848,-1.00253,23.68414,77.00418
40.594389439,-0.9950933,23.69943,77.0084
40.612068653,-0.9879443,23.71308,77.01128
40.632272720,-0.9784587,23.72898,77.01598
40.652476787,-0.9705828,23.74372,77.01896
40.672681332,-0.9627448,23.75456,77.02245
40.692884922,-0.9531805,23.76652,77.02582
40.713088989,-0.9464755,23.77859,77.02921
40.733293533,-0.938042,23.78937,77.03252
40.753497600,-0.9297316,23.80075,77.03559
40.773701191,-0.9215614,23.81307,77.03786
40.793905735,-0.9134133,23.82702,77.04128
40.814109802,-0.9086623,23.84056,77.04266
40.834313393,-0.8992369,23.85327,77.04515
40.854517937,-0.8904552,23.86372,77.04845
40.872196674,-0.8849397,23.87441,77.05034
40.892400742,-0.8816753,23.88664,77.05169
40.912604332,-0.8704434,23.89623,77.05516
40.932808876,-0.8672891,23.90821,77.05574
40.953012943,-0.8554819,23.916,77.05998
40.973217010,-0.8515162,23.92413,77.06216
40.993421555,-0.8456255,23.93466,77.06339
41.013625145,-0.8371372,23.94419,77.06662
41.033829212,-0.8288736,23.95268,77.06926
41.054033756,-0.8237223,23.96288,77.07126
41.074237346,-0.8168952,23.97183,77.07445
41.094441414,-0.8109586,23.97866,77.07603
41.112120151,-0.8216799,23.97986,77.07403
41.132324695,-0.8021761,23.99222,77.09756
41.152528286,-0.7979295,24.00443,77.10253
41.172732353,-0.7884924,24.02047,77.10934
41.192936897,-0.7890866,24.02398,77.10894
41.213140964,-0.780425,24.03321,77.11189
41.233344555,-0.7755479,24.03933,77.11369
41.253549099,-0.7671766,24.05031,77.11665
41.273753166,-0.7617532,24.0568,77.11811
41.293956756,-0.7573143,24.06478,77.11937
41.314161300,-0.7517379,24.06922,77.12022
41.334365368,-0.7476046,24.07582,77.12185
41.354569435,-0.7450021,24.08413,77.12242
41.372247696,-0.7399247,24.09024,77.12493
41.392452240,-0.7371672,24.09767,77.12566
41.412656307,-0.7347477,24.10075,77.12543
41.432860374,-0.7272618,24.10933,77.12897
41.453064918,-0.7317743,24.1131,77.12727
41.473268509,-0.7233387,24.12059,77.12971
41.493472576,-0.7187025,24.12419,77.13049
41.513677120,-0.711931,24.13107,77.13338
41.533880710,-0.7086654,24.13588,77.13549
41.554084778,-0.7065678,24.14087,77.13596
41.574289322,-0.7035978,24.1486,77.13769
41.594493389,-0.6985066,24.15352,77.14188
41.612171650,-0.6962709,24.15698,77.14221
41.632375717,-0.6957355,24.16286,77.14192
41.652580261,-0.6927204,24.16376,77.14143
41.672784328,-0.694119,24.16424,77.14234
41.692988872,-0.6813989,24.17008,77.14748
41.713192463,-0.6857024,24.1717,77.14394
41.733396530,-0.688674,24.18256,77.13387
41.753600120,-0.6824347,24.18056,77.13713
41.773804665,-0.6794999,24.18029,77.14175
41.794008732,-0.6727483,24.18622,77.14102
41.814212799,-0.6712744,24.19442,77.13804
41.834417343,-0.6729562,24.19707,77.12919
41.852095604,-0.6796008,24.1967,77.12369
41.872299671,-0.6787851,24.20241,77.12701
