Time (s),Power (dBm),Percentage (%)
0.495086670,-41,100
0.994806290,-43,100
1.495067597,-39,100
2.019205570,-41,100
2.495070934,-41,100
2.994800568,-39,100
3.495189667,-41,100
4.033644676,-41,100
4.494928837,-41,100
4.994707584,-41,100
5.494907379,-41,100
5.995196819,-41,100
6.495205402,-41,100
6.995037556,-41,100
7.495155335,-41,100
7.995384693,-41,100
8.495475769,-41,100
8.995283604,-41,100
9.495541096,-41,100
9.995328903,-41,100
10.509529114,-41,100
10.995276928,-41,100
11.495410442,-39,100
11.995211601,-41,100
12.577576161,-41,100
12.995265484,-41,100
13.495456696,-41,100
13.995433331,-43,100
14.495424748,-43,100
14.995175838,-41,100
15.495409966,-41,100
15.995183945,-41,100
16.495409012,-41,100
16.995121956,-41,100
17.495511055,-41,100
17.995047569,-43,100
18.495313645,-41,100
18.995091438,-41,100
19.528820515,-41,100
20.069987297,-41,100
20.511125565,-43,100
20.995021343,-43,100
21.495340824,-43,100
21.994942188,-43,100
22.506462574,-43,100
22.995118141,-43,100
23.541630745,-43,100
23.995110035,-43,100
24.495267868,-43,100
24.995030403,-43,100
25.495193005,-43,100
25.994933605,-43,100
26.495172978,-43,100
26.994898796,-41,100
27.495169640,-41,100
27.994876862,-43,100
28.495158196,-43,100
28.994781971,-41,100
29.516317368,-42,100
30.053208351,-41,100
30.588877201,-42,100
30.994738102,-43,100
31.494894505,-41,100
31.994725704,-41,100
32.494838715,-43,100
32.994657040,-43,100
33.494842529,-43,100
33.994660378,-43,100
34.494811535,-43,100
34.994720936,-43,100
35.494856358,-43,100
35.994727612,-43,100
36.494783402,-43,100
36.994602203,-43,100
37.494950295,-41,100
37.994622231,-43,100
38.494801521,-41,100
39.031863213,-43,100
39.494892120,-43,100
39.994585991,-43,100
40.494884491,-43,100
40.994539261,-45,100
41.603080273,-45,100
41.994469643,-45,100
42.495456219,-45,100
42.994413853,-45,100
43.495266438,-45,100
43.994898796,-45,100
44.513645172,-45,100
44.994974613,-43,100
45.500997543,-45,100
46.063428402,-45,100
46.495163441,-45,100
46.994917393,-43,100
47.502262116,-43,100
48.037857056,-45,100
48.495169163,-45,100
48.994910717,-47,100
49.495142937,-45,100
49.994769573,-45,100
50.494861603,-47,100
50.994748116,-47,100
51.494862080,-47,100
51.994650841,-47,100
52.581409454,-47,100
52.994640827,-45,100
53.494850159,-47,100
53.994724274,-47,100
54.494696140,-47,100
54.994617939,-45,100
55.494765759,-47,100
55.994555473,-47,100
56.494711399,-47,100
56.994499683,-47,100
57.494818211,-47,100
57.994700909,-45,100
58.495131493,-47,100
58.994484901,-47,100
59.495514870,-47,100
59.994899750,-47,100
60.495487690,-47,100
61.083449364,-47,100
61.495048046,-45,100
61.994863987,-45,100
62.495083809,-45,100
62.994902134,-45,100
63.494953156,-45,100
63.994772434,-45,100
64.518893719,-45,100
64.994761944,-45,100
65.495003224,-45,100
65.994753838,-45,100
66.596220493,-45,100
67.028635979,-45,100
67.498512268,-45,100
67.994744301,-45,100
68.494973660,-45,100
68.994892120,-45,100
69.494906902,-45,100
69.999220848,-45,100
70.495062828,-45,100
70.994716644,-45,100
71.495013237,-43,100
71.994751930,-43,100
72.571202755,-44,100
72.994608402,-45,100
73.494834423,-43,100
73.994688988,-43,100
74.494788170,-43,100
74.994553566,-43,100
75.527751446,-43,100
75.994504452,-43,100
76.494609356,-45,100
76.994503021,-45,100
77.494615555,-45,100
77.994450569,-45,100
78.494577408,-45,100
78.994407177,-45,100
79.494527340,-44,100
79.994371891,-43,100
80.494510651,-43,100
80.994338989,-45,100
81.494538307,-44,100
81.994315624,-43,100
82.494789600,-45,100
82.994340897,-44,100
83.494755745,-45,100
83.994364262,-45,100
84.494518280,-45,100
84.994421482,-45,100
85.494518280,-45,100
85.994286060,-45,100
86.556009770,-45,100
87.094371319,-45,100
87.494614601,-45,100
87.994358063,-45,100
88.494488716,-43,100
88.994311810,-43,100
89.494474888,-45,100
89.994181633,-45,100
90.494543553,-45,100
90.994125843,-45,100
91.494534493,-45,100
91.994098663,-45,100
92.494967461,-45,100
92.994657516,-45,100
93.494891644,-45,100
93.994637489,-45,100
94.494902134,-45,100
94.994802475,-45,100
95.494837284,-45,100
95.994623661,-47,100
96.494807720,-45,100
96.995251179,-47,100
97.533139706,-47,100
97.994536877,-45,100
98.494691849,-45,100
98.994464874,-45,100
99.494544983,-45,100
100.006020069,-45,100
100.562584400,-45,100
100.994397640,-45,100
101.494518280,-45,100
101.994329929,-47,100
102.494472027,-45,100
103.071589470,-47,100
103.494563103,-45,100
103.994273186,-45,100
104.494822025,-47,100
104.994228363,-47,100
105.494419098,-47,100
105.994238377,-47,100
106.494380951,-47,100
106.994436741,-47,100
107.540211201,-47,100
107.994417667,-47,100
108.494476318,-47,100
108.994431019,-47,100
109.494433880,-47,100
109.994196892,-47,100
110.494402886,-47,100
110.994199753,-47,100
111.494273186,-47,100
111.994178772,-45,100
112.494367123,-45,100
112.994072914,-45,100
113.494359970,-47,100
113.994095802,-47,100
114.494561672,-45,100
114.994084835,-45,100
115.494512081,-47,100
115.994094849,-45,100
116.494256020,-45,100
116.994179249,-45,100
117.494235516,-45,100
117.994173527,-45,100
118.494180203,-45,100
118.994011879,-45,100
119.494279385,-45,100
119.993957043,-44,100
120.494219303,-45,100
120.999001026,-45,100
121.494261265,-47,100
121.993984222,-47,100
122.494246483,-45,100
122.993971825,-45,100
123.494049549,-45,100
123.993864059,-45,100
124.493924141,-45,100
124.993860722,-45,100
125.494200707,-43,100
125.993791580,-43,100
126.494296551,-43,100
126.993698120,-43,100
127.522140980,-43,100
127.993628025,-43,100
128.493858338,-43,100
128.993645668,-43,100
129.493793965,-43,100
129.993709087,-43,100
130.493779659,-41,100
130.993583202,-43,100
131.493757725,-43,100
132.012907505,-41,100
132.493755341,-42,100
132.993624687,-43,100
133.493746758,-42,100
133.993783474,-42,100
134.493737221,-41,100
134.993659973,-41,100
135.493718624,-42,100
135.993533134,-41,100
136.493839264,-43,100
136.993545055,-43,100
137.493828297,-41,100
137.993505955,-43,100
138.493928433,-43,100
138.993486881,-43,100
139.493865490,-41,100
139.993444443,-43,100
140.493830204,-43,100
140.993426800,-43,100
141.493807316,-43,100
141.993590832,-43,100
142.493752003,-43,100
143.095799923,-43,100
143.493609905,-45,100
143.995612621,-43,100
144.493615627,-43,100
144.993384361,-43,100
145.493551254,-43,100
146.081089973,-43,100
146.493498802,-43,100
146.993308544,-43,100
147.535223484,-43,100
148.045973301,-43,100
148.505941391,-41,100
148.993170261,-43,100
149.579247475,-43,100
149.993202686,-44,100
150.493530750,-44,100
150.993249893,-43,100
151.493413925,-42,100
